clip_id,subject_id,video_filename,class,hand,distance_m,start_frame,end_frame,frame_count
s01_cross_1m_left_c001,subject01,11506747-cross_1m_left.mp4,cross,left,1,102,123,22
s01_cross_1m_left_c002,subject01,11506747-cross_1m_left.mp4,cross,left,1,143,163,21
s01_cross_1m_left_c003,subject01,11506747-cross_1m_left.mp4,cross,left,1,186,206,21
s01_cross_1m_left_c004,subject01,11506747-cross_1m_left.mp4,cross,left,1,231,250,20
s01_cross_1m_left_c005,subject01,11506747-cross_1m_left.mp4,cross,left,1,269,288,20
s01_cross_1m_left_c006,subject01,11506747-cross_1m_left.mp4,cross,left,1,309,328,20
s01_cross_1m_left_c007,subject01,11506747-cross_1m_left.mp4,cross,left,1,352,371,20
s01_cross_1m_left_c008,subject01,11506747-cross_1m_left.mp4,cross,left,1,391,411,21
s01_cross_1m_left_c009,subject01,11506747-cross_1m_left.mp4,cross,left,1,431,450,20
s01_cross_1m_left_c010,subject01,11506747-cross_1m_left.mp4,cross,left,1,473,492,20
s01_cross_1m_left_c011,subject01,11506747-cross_1m_left.mp4,cross,left,1,514,533,20
s01_cross_1m_left_c012,subject01,11506747-cross_1m_left.mp4,cross,left,1,556,575,20
s01_cross_1m_left_c013,subject01,11506747-cross_1m_left.mp4,cross,left,1,596,615,20
s01_cross_1m_left_c014,subject01,11506747-cross_1m_left.mp4,cross,left,1,638,657,20
s01_cross_1m_left_c015,subject01,11506747-cross_1m_left.mp4,cross,left,1,678,698,21
s01_uppercut_1m_right_c001,subject01,42b82609-uppercut_1m_right.mp4,uppercut,right,1,92,122,31
s01_uppercut_1m_right_c002,subject01,42b82609-uppercut_1m_right.mp4,uppercut,right,1,147,176,30
s01_uppercut_1m_right_c003,subject01,42b82609-uppercut_1m_right.mp4,uppercut,right,1,197,226,30
s01_uppercut_1m_right_c004,subject01,42b82609-uppercut_1m_right.mp4,uppercut,right,1,244,274,31
s01_uppercut_1m_right_c005,subject01,42b82609-uppercut_1m_right.mp4,uppercut,right,1,293,322,30
s01_uppercut_1m_right_c006,subject01,42b82609-uppercut_1m_right.mp4,uppercut,right,1,342,370,29
s01_uppercut_1m_right_c007,subject01,42b82609-uppercut_1m_right.mp4,uppercut,right,1,394,421,28
s01_uppercut_1m_right_c008,subject01,42b82609-uppercut_1m_right.mp4,uppercut,right,1,442,469,28
s01_uppercut_1m_right_c009,subject01,42b82609-uppercut_1m_right.mp4,uppercut,right,1,493,520,28
s01_uppercut_1m_right_c010,subject01,42b82609-uppercut_1m_right.mp4,uppercut,right,1,547,575,29
s01_uppercut_1m_right_c011,subject01,42b82609-uppercut_1m_right.mp4,uppercut,right,1,601,625,25
s01_uppercut_1m_right_c012,subject01,42b82609-uppercut_1m_right.mp4,uppercut,right,1,650,675,26
s01_uppercut_1m_right_c013,subject01,42b82609-uppercut_1m_right.mp4,uppercut,right,1,709,735,27
s01_uppercut_1m_right_c014,subject01,42b82609-uppercut_1m_right.mp4,uppercut,right,1,758,784,27
s01_uppercut_1m_right_c015,subject01,42b82609-uppercut_1m_right.mp4,uppercut,right,1,808,833,26
s01_jab_1m_left_c001,subject01,5dfbbff9-jab_1m_left.mp4,jab,left,1,171,187,17
s01_jab_1m_left_c002,subject01,5dfbbff9-jab_1m_left.mp4,jab,left,1,212,228,17
s01_jab_1m_left_c003,subject01,5dfbbff9-jab_1m_left.mp4,jab,left,1,256,272,17
s01_jab_1m_left_c004,subject01,5dfbbff9-jab_1m_left.mp4,jab,left,1,298,314,17
s01_jab_1m_left_c005,subject01,5dfbbff9-jab_1m_left.mp4,jab,left,1,345,361,17
s01_jab_1m_left_c006,subject01,5dfbbff9-jab_1m_left.mp4,jab,left,1,390,406,17
s01_jab_1m_left_c007,subject01,5dfbbff9-jab_1m_left.mp4,jab,left,1,436,452,17
s01_jab_1m_left_c008,subject01,5dfbbff9-jab_1m_left.mp4,jab,left,1,482,498,17
s01_jab_1m_left_c009,subject01,5dfbbff9-jab_1m_left.mp4,jab,left,1,526,542,17
s01_jab_1m_left_c010,subject01,5dfbbff9-jab_1m_left.mp4,jab,left,1,573,589,17
s01_jab_1m_left_c011,subject01,5dfbbff9-jab_1m_left.mp4,jab,left,1,618,634,17
s01_jab_1m_left_c012,subject01,5dfbbff9-jab_1m_left.mp4,jab,left,1,668,684,17
s01_jab_1m_left_c013,subject01,5dfbbff9-jab_1m_left.mp4,jab,left,1,731,747,17
s01_jab_1m_left_c014,subject01,5dfbbff9-jab_1m_left.mp4,jab,left,1,781,797,17
s01_jab_1m_left_c015,subject01,5dfbbff9-jab_1m_left.mp4,jab,left,1,825,841,17
s01_hook_1m_left_c001,subject01,5e59f0d5-hook_1m_left.mp4,hook,left,1,128,157,30
s01_hook_1m_left_c002,subject01,5e59f0d5-hook_1m_left.mp4,hook,left,1,188,216,29
s01_hook_1m_left_c003,subject01,5e59f0d5-hook_1m_left.mp4,hook,left,1,253,281,29
s01_hook_1m_left_c004,subject01,5e59f0d5-hook_1m_left.mp4,hook,left,1,315,344,30
s01_hook_1m_left_c005,subject01,5e59f0d5-hook_1m_left.mp4,hook,left,1,379,407,29
s01_hook_1m_left_c006,subject01,5e59f0d5-hook_1m_left.mp4,hook,left,1,445,473,29
s01_hook_1m_left_c007,subject01,5e59f0d5-hook_1m_left.mp4,hook,left,1,511,539,29
s01_hook_1m_left_c008,subject01,5e59f0d5-hook_1m_left.mp4,hook,left,1,571,599,29
s01_hook_1m_left_c009,subject01,5e59f0d5-hook_1m_left.mp4,hook,left,1,629,656,28
s01_hook_1m_left_c010,subject01,5e59f0d5-hook_1m_left.mp4,hook,left,1,679,706,28
s01_hook_1m_left_c011,subject01,5e59f0d5-hook_1m_left.mp4,hook,left,1,739,766,28
s01_hook_1m_left_c012,subject01,5e59f0d5-hook_1m_left.mp4,hook,left,1,801,829,29
s01_hook_1m_left_c013,subject01,5e59f0d5-hook_1m_left.mp4,hook,left,1,880,909,30
s01_hook_1m_left_c014,subject01,5e59f0d5-hook_1m_left.mp4,hook,left,1,944,972,29
s01_hook_1m_left_c015,subject01,5e59f0d5-hook_1m_left.mp4,hook,left,1,1005,1033,29
s01_hook_1m_left_c016,subject01,5e59f0d5-hook_1m_left.mp4,hook,left,1,1080,1109,30
s01_hook_1m_right_c001,subject01,6212378e-hook_1m_right.mp4,hook,right,1,74,102,29
s01_hook_1m_right_c002,subject01,6212378e-hook_1m_right.mp4,hook,right,1,131,158,28
s01_hook_1m_right_c003,subject01,6212378e-hook_1m_right.mp4,hook,right,1,182,210,29
s01_hook_1m_right_c004,subject01,6212378e-hook_1m_right.mp4,hook,right,1,248,276,29
s01_hook_1m_right_c005,subject01,6212378e-hook_1m_right.mp4,hook,right,1,299,327,29
s01_hook_1m_right_c006,subject01,6212378e-hook_1m_right.mp4,hook,right,1,354,381,28
s01_hook_1m_right_c007,subject01,6212378e-hook_1m_right.mp4,hook,right,1,409,436,28
s01_hook_1m_right_c008,subject01,6212378e-hook_1m_right.mp4,hook,right,1,463,490,28
s01_hook_1m_right_c009,subject01,6212378e-hook_1m_right.mp4,hook,right,1,534,563,30
s01_hook_1m_right_c010,subject01,6212378e-hook_1m_right.mp4,hook,right,1,591,619,29
s01_hook_1m_right_c011,subject01,6212378e-hook_1m_right.mp4,hook,right,1,652,679,28
s01_hook_1m_right_c012,subject01,6212378e-hook_1m_right.mp4,hook,right,1,715,744,30
s01_hook_1m_right_c013,subject01,6212378e-hook_1m_right.mp4,hook,right,1,798,826,29
s01_hook_1m_right_c014,subject01,6212378e-hook_1m_right.mp4,hook,right,1,859,886,28
s01_hook_1m_right_c015,subject01,6212378e-hook_1m_right.mp4,hook,right,1,938,967,30
s01_hook_1m_right_c016,subject01,6212378e-hook_1m_right.mp4,hook,right,1,1007,1034,28
s01_uppercut_2m_right_c001,subject01,791f124e-uppercut_2m_right.mp4,uppercut,right,2,96,123,28
s01_uppercut_2m_right_c002,subject01,791f124e-uppercut_2m_right.mp4,uppercut,right,2,141,168,28
s01_uppercut_2m_right_c003,subject01,791f124e-uppercut_2m_right.mp4,uppercut,right,2,187,214,28
s01_uppercut_2m_right_c004,subject01,791f124e-uppercut_2m_right.mp4,uppercut,right,2,229,255,27
s01_uppercut_2m_right_c005,subject01,791f124e-uppercut_2m_right.mp4,uppercut,right,2,276,301,26
s01_uppercut_2m_right_c006,subject01,791f124e-uppercut_2m_right.mp4,uppercut,right,2,321,347,27
s01_uppercut_2m_right_c007,subject01,791f124e-uppercut_2m_right.mp4,uppercut,right,2,368,396,29
s01_uppercut_2m_right_c008,subject01,791f124e-uppercut_2m_right.mp4,uppercut,right,2,416,442,27
s01_uppercut_2m_right_c009,subject01,791f124e-uppercut_2m_right.mp4,uppercut,right,2,462,488,27
s01_uppercut_2m_right_c010,subject01,791f124e-uppercut_2m_right.mp4,uppercut,right,2,509,536,28
s01_uppercut_2m_right_c011,subject01,791f124e-uppercut_2m_right.mp4,uppercut,right,2,556,585,30
s01_uppercut_2m_right_c012,subject01,791f124e-uppercut_2m_right.mp4,uppercut,right,2,604,631,28
s01_uppercut_2m_right_c013,subject01,791f124e-uppercut_2m_right.mp4,uppercut,right,2,654,683,30
s01_uppercut_2m_right_c014,subject01,791f124e-uppercut_2m_right.mp4,uppercut,right,2,706,733,28
s01_uppercut_2m_right_c015,subject01,791f124e-uppercut_2m_right.mp4,uppercut,right,2,751,778,28
s01_uppercut_2m_right_c016,subject01,791f124e-uppercut_2m_right.mp4,uppercut,right,2,798,825,28
s01_hook_2m_right_c001,subject01,8236fba1-hook_2m_right.mp4,hook,right,2,220,249,30
s01_hook_2m_right_c002,subject01,8236fba1-hook_2m_right.mp4,hook,right,2,281,310,30
s01_hook_2m_right_c003,subject01,8236fba1-hook_2m_right.mp4,hook,right,2,344,372,29
s01_hook_2m_right_c004,subject01,8236fba1-hook_2m_right.mp4,hook,right,2,400,427,28
s01_hook_2m_right_c005,subject01,8236fba1-hook_2m_right.mp4,hook,right,2,462,489,28
s01_hook_2m_right_c006,subject01,8236fba1-hook_2m_right.mp4,hook,right,2,521,549,29
s01_hook_2m_right_c007,subject01,8236fba1-hook_2m_right.mp4,hook,right,2,610,638,29
s01_hook_2m_right_c008,subject01,8236fba1-hook_2m_right.mp4,hook,right,2,667,695,29
s01_hook_2m_right_c009,subject01,8236fba1-hook_2m_right.mp4,hook,right,2,727,756,30
s01_hook_2m_right_c010,subject01,8236fba1-hook_2m_right.mp4,hook,right,2,800,827,28
s01_hook_2m_right_c011,subject01,8236fba1-hook_2m_right.mp4,hook,right,2,865,893,29
s01_hook_2m_right_c012,subject01,8236fba1-hook_2m_right.mp4,hook,right,2,927,954,28
s01_hook_2m_right_c013,subject01,8236fba1-hook_2m_right.mp4,hook,right,2,992,1021,30
s01_hook_2m_right_c014,subject01,8236fba1-hook_2m_right.mp4,hook,right,2,1060,1088,29
s01_hook_2m_right_c015,subject01,8236fba1-hook_2m_right.mp4,hook,right,2,1123,1152,30
s01_uppercut_2m_left_c001,subject01,868d2fad-uppercut_2m_left.mp4,uppercut,left,2,156,185,30
s01_uppercut_2m_left_c002,subject01,868d2fad-uppercut_2m_left.mp4,uppercut,left,2,197,224,28
s01_uppercut_2m_left_c003,subject01,868d2fad-uppercut_2m_left.mp4,uppercut,left,2,239,263,25
s01_uppercut_2m_left_c004,subject01,868d2fad-uppercut_2m_left.mp4,uppercut,left,2,281,307,27
s01_uppercut_2m_left_c005,subject01,868d2fad-uppercut_2m_left.mp4,uppercut,left,2,367,394,28
s01_uppercut_2m_left_c006,subject01,868d2fad-uppercut_2m_left.mp4,uppercut,left,2,413,439,27
s01_uppercut_2m_left_c007,subject01,868d2fad-uppercut_2m_left.mp4,uppercut,left,2,454,481,28
s01_uppercut_2m_left_c008,subject01,868d2fad-uppercut_2m_left.mp4,uppercut,left,2,499,523,25
s01_uppercut_2m_left_c009,subject01,868d2fad-uppercut_2m_left.mp4,uppercut,left,2,539,566,28
s01_uppercut_2m_left_c010,subject01,868d2fad-uppercut_2m_left.mp4,uppercut,left,2,586,613,28
s01_uppercut_2m_left_c011,subject01,868d2fad-uppercut_2m_left.mp4,uppercut,left,2,635,661,27
s01_uppercut_2m_left_c012,subject01,868d2fad-uppercut_2m_left.mp4,uppercut,left,2,681,709,29
s01_uppercut_2m_left_c013,subject01,868d2fad-uppercut_2m_left.mp4,uppercut,left,2,732,757,26
s01_uppercut_2m_left_c014,subject01,868d2fad-uppercut_2m_left.mp4,uppercut,left,2,780,805,26
s01_uppercut_2m_left_c015,subject01,868d2fad-uppercut_2m_left.mp4,uppercut,left,2,830,857,28
s01_jab_2m_left_c001,subject01,87826ec9-jab_2m_left.mp4,jab,left,2,100,116,17
s01_jab_2m_left_c002,subject01,87826ec9-jab_2m_left.mp4,jab,left,2,146,162,17
s01_jab_2m_left_c003,subject01,87826ec9-jab_2m_left.mp4,jab,left,2,186,202,17
s01_jab_2m_left_c004,subject01,87826ec9-jab_2m_left.mp4,jab,left,2,234,250,17
s01_jab_2m_left_c005,subject01,87826ec9-jab_2m_left.mp4,jab,left,2,280,296,17
s01_jab_2m_left_c006,subject01,87826ec9-jab_2m_left.mp4,jab,left,2,340,356,17
s01_jab_2m_left_c007,subject01,87826ec9-jab_2m_left.mp4,jab,left,2,382,398,17
s01_jab_2m_left_c008,subject01,87826ec9-jab_2m_left.mp4,jab,left,2,433,449,17
s01_jab_2m_left_c009,subject01,87826ec9-jab_2m_left.mp4,jab,left,2,489,505,17
s01_jab_2m_left_c010,subject01,87826ec9-jab_2m_left.mp4,jab,left,2,534,550,17
s01_jab_2m_left_c011,subject01,87826ec9-jab_2m_left.mp4,jab,left,2,641,657,17
s01_jab_2m_left_c012,subject01,87826ec9-jab_2m_left.mp4,jab,left,2,690,707,18
s01_jab_2m_left_c013,subject01,87826ec9-jab_2m_left.mp4,jab,left,2,743,759,17
s01_jab_2m_left_c014,subject01,87826ec9-jab_2m_left.mp4,jab,left,2,840,857,18
s01_jab_2m_left_c015,subject01,87826ec9-jab_2m_left.mp4,jab,left,2,914,930,17
s01_cross_2m_right_c001,subject01,8fee71d8-cross_2m_right.mp4,cross,right,2,76,95,20
s01_cross_2m_right_c002,subject01,8fee71d8-cross_2m_right.mp4,cross,right,2,115,134,20
s01_cross_2m_right_c003,subject01,8fee71d8-cross_2m_right.mp4,cross,right,2,158,178,21
s01_cross_2m_right_c004,subject01,8fee71d8-cross_2m_right.mp4,cross,right,2,197,217,21
s01_cross_2m_right_c005,subject01,8fee71d8-cross_2m_right.mp4,cross,right,2,240,260,21
s01_cross_2m_right_c006,subject01,8fee71d8-cross_2m_right.mp4,cross,right,2,282,303,22
s01_cross_2m_right_c007,subject01,8fee71d8-cross_2m_right.mp4,cross,right,2,327,347,21
s01_cross_2m_right_c008,subject01,8fee71d8-cross_2m_right.mp4,cross,right,2,370,390,21
s01_cross_2m_right_c009,subject01,8fee71d8-cross_2m_right.mp4,cross,right,2,420,439,20
s01_cross_2m_right_c010,subject01,8fee71d8-cross_2m_right.mp4,cross,right,2,468,487,20
s01_cross_2m_right_c011,subject01,8fee71d8-cross_2m_right.mp4,cross,right,2,513,533,21
s01_cross_2m_right_c012,subject01,8fee71d8-cross_2m_right.mp4,cross,right,2,554,574,21
s01_cross_2m_right_c013,subject01,8fee71d8-cross_2m_right.mp4,cross,right,2,591,611,21
s01_cross_2m_right_c014,subject01,8fee71d8-cross_2m_right.mp4,cross,right,2,634,654,21
s01_cross_2m_right_c015,subject01,8fee71d8-cross_2m_right.mp4,cross,right,2,677,697,21
s01_cross_1m_right_c001,subject01,92f0ce06-cross_1m_right.mp4,cross,right,1,80,100,21
s01_cross_1m_right_c002,subject01,92f0ce06-cross_1m_right.mp4,cross,right,1,114,134,21
s01_cross_1m_right_c003,subject01,92f0ce06-cross_1m_right.mp4,cross,right,1,155,174,20
s01_cross_1m_right_c004,subject01,92f0ce06-cross_1m_right.mp4,cross,right,1,192,212,21
s01_cross_1m_right_c005,subject01,92f0ce06-cross_1m_right.mp4,cross,right,1,228,248,21
s01_cross_1m_right_c006,subject01,92f0ce06-cross_1m_right.mp4,cross,right,1,267,286,20
s01_cross_1m_right_c007,subject01,92f0ce06-cross_1m_right.mp4,cross,right,1,303,322,20
s01_cross_1m_right_c008,subject01,92f0ce06-cross_1m_right.mp4,cross,right,1,340,360,21
s01_cross_1m_right_c009,subject01,92f0ce06-cross_1m_right.mp4,cross,right,1,388,407,20
s01_cross_1m_right_c010,subject01,92f0ce06-cross_1m_right.mp4,cross,right,1,425,445,21
s01_cross_1m_right_c011,subject01,92f0ce06-cross_1m_right.mp4,cross,right,1,467,486,20
s01_cross_1m_right_c012,subject01,92f0ce06-cross_1m_right.mp4,cross,right,1,506,525,20
s01_cross_1m_right_c013,subject01,92f0ce06-cross_1m_right.mp4,cross,right,1,545,564,20
s01_cross_1m_right_c014,subject01,92f0ce06-cross_1m_right.mp4,cross,right,1,585,604,20
s01_cross_1m_right_c015,subject01,92f0ce06-cross_1m_right.mp4,cross,right,1,626,645,20
s01_hook_2m_left_c001,subject01,a5f3d518-hook_2m_left.mp4,hook,left,2,133,161,29
s01_hook_2m_left_c002,subject01,a5f3d518-hook_2m_left.mp4,hook,left,2,201,228,28
s01_hook_2m_left_c003,subject01,a5f3d518-hook_2m_left.mp4,hook,left,2,259,287,29
s01_hook_2m_left_c004,subject01,a5f3d518-hook_2m_left.mp4,hook,left,2,316,344,29
s01_hook_2m_left_c005,subject01,a5f3d518-hook_2m_left.mp4,hook,left,2,385,412,28
s01_hook_2m_left_c006,subject01,a5f3d518-hook_2m_left.mp4,hook,left,2,452,479,28
s01_hook_2m_left_c007,subject01,a5f3d518-hook_2m_left.mp4,hook,left,2,514,543,30
s01_hook_2m_left_c008,subject01,a5f3d518-hook_2m_left.mp4,hook,left,2,577,606,30
s01_hook_2m_left_c009,subject01,a5f3d518-hook_2m_left.mp4,hook,left,2,642,671,30
s01_hook_2m_left_c010,subject01,a5f3d518-hook_2m_left.mp4,hook,left,2,707,736,30
s01_hook_2m_left_c011,subject01,a5f3d518-hook_2m_left.mp4,hook,left,2,767,794,28
s01_hook_2m_left_c012,subject01,a5f3d518-hook_2m_left.mp4,hook,left,2,823,850,28
s01_hook_2m_left_c013,subject01,a5f3d518-hook_2m_left.mp4,hook,left,2,881,908,28
s01_hook_2m_left_c014,subject01,a5f3d518-hook_2m_left.mp4,hook,left,2,940,968,29
s01_hook_2m_left_c015,subject01,a5f3d518-hook_2m_left.mp4,hook,left,2,1002,1031,30
s01_hook_2m_left_c016,subject01,a5f3d518-hook_2m_left.mp4,hook,left,2,1071,1100,30
s01_hook_2m_left_c017,subject01,a5f3d518-hook_2m_left.mp4,hook,left,2,1145,1172,28
s01_jab_1m_right_c001,subject01,bc0be89c-jab_1m_right.mp4,jab,right,1,115,131,17
s01_jab_1m_right_c002,subject01,bc0be89c-jab_1m_right.mp4,jab,right,1,158,174,17
s01_jab_1m_right_c003,subject01,bc0be89c-jab_1m_right.mp4,jab,right,1,199,215,17
s01_jab_1m_right_c004,subject01,bc0be89c-jab_1m_right.mp4,jab,right,1,242,258,17
s01_jab_1m_right_c005,subject01,bc0be89c-jab_1m_right.mp4,jab,right,1,290,306,17
s01_jab_1m_right_c006,subject01,bc0be89c-jab_1m_right.mp4,jab,right,1,339,355,17
s01_jab_1m_right_c007,subject01,bc0be89c-jab_1m_right.mp4,jab,right,1,385,401,17
s01_jab_1m_right_c008,subject01,bc0be89c-jab_1m_right.mp4,jab,right,1,428,444,17
s01_jab_1m_right_c009,subject01,bc0be89c-jab_1m_right.mp4,jab,right,1,470,486,17
s01_jab_1m_right_c010,subject01,bc0be89c-jab_1m_right.mp4,jab,right,1,515,531,17
s01_jab_1m_right_c011,subject01,bc0be89c-jab_1m_right.mp4,jab,right,1,558,574,17
s01_jab_1m_right_c012,subject01,bc0be89c-jab_1m_right.mp4,jab,right,1,603,619,17
s01_jab_1m_right_c013,subject01,bc0be89c-jab_1m_right.mp4,jab,right,1,647,663,17
s01_jab_1m_right_c014,subject01,bc0be89c-jab_1m_right.mp4,jab,right,1,690,706,17
s01_jab_1m_right_c015,subject01,bc0be89c-jab_1m_right.mp4,jab,right,1,737,753,17
s01_jab_2m_right_c001,subject01,e971f787-jab_2m_right.mp4,jab,right,2,93,109,17
s01_jab_2m_right_c002,subject01,e971f787-jab_2m_right.mp4,jab,right,2,133,149,17
s01_jab_2m_right_c003,subject01,e971f787-jab_2m_right.mp4,jab,right,2,177,193,17
s01_jab_2m_right_c004,subject01,e971f787-jab_2m_right.mp4,jab,right,2,219,235,17
s01_jab_2m_right_c005,subject01,e971f787-jab_2m_right.mp4,jab,right,2,263,279,17
s01_jab_2m_right_c006,subject01,e971f787-jab_2m_right.mp4,jab,right,2,323,339,17
s01_jab_2m_right_c007,subject01,e971f787-jab_2m_right.mp4,jab,right,2,364,381,18
s01_jab_2m_right_c008,subject01,e971f787-jab_2m_right.mp4,jab,right,2,408,424,17
s01_jab_2m_right_c009,subject01,e971f787-jab_2m_right.mp4,jab,right,2,451,467,17
s01_jab_2m_right_c010,subject01,e971f787-jab_2m_right.mp4,jab,right,2,493,509,17
s01_jab_2m_right_c011,subject01,e971f787-jab_2m_right.mp4,jab,right,2,539,555,17
s01_jab_2m_right_c012,subject01,e971f787-jab_2m_right.mp4,jab,right,2,588,604,17
s01_jab_2m_right_c013,subject01,e971f787-jab_2m_right.mp4,jab,right,2,636,652,17
s01_jab_2m_right_c014,subject01,e971f787-jab_2m_right.mp4,jab,right,2,685,701,17
s01_jab_2m_right_c015,subject01,e971f787-jab_2m_right.mp4,jab,right,2,736,752,17
s01_uppercut_1m_left_c001,subject01,eb73dbcd-uppercut_1m_left.mp4,uppercut,left,1,85,112,28
s01_uppercut_1m_left_c002,subject01,eb73dbcd-uppercut_1m_left.mp4,uppercut,left,1,124,150,27
s01_uppercut_1m_left_c003,subject01,eb73dbcd-uppercut_1m_left.mp4,uppercut,left,1,168,195,28
s01_uppercut_1m_left_c004,subject01,eb73dbcd-uppercut_1m_left.mp4,uppercut,left,1,215,239,25
s01_uppercut_1m_left_c005,subject01,eb73dbcd-uppercut_1m_left.mp4,uppercut,left,1,256,282,27
s01_uppercut_1m_left_c006,subject01,eb73dbcd-uppercut_1m_left.mp4,uppercut,left,1,306,331,26
s01_uppercut_1m_left_c007,subject01,eb73dbcd-uppercut_1m_left.mp4,uppercut,left,1,351,376,26
s01_uppercut_1m_left_c008,subject01,eb73dbcd-uppercut_1m_left.mp4,uppercut,left,1,398,424,27
s01_uppercut_1m_left_c009,subject01,eb73dbcd-uppercut_1m_left.mp4,uppercut,left,1,436,462,27
s01_uppercut_1m_left_c010,subject01,eb73dbcd-uppercut_1m_left.mp4,uppercut,left,1,482,511,30
s01_uppercut_1m_left_c011,subject01,eb73dbcd-uppercut_1m_left.mp4,uppercut,left,1,530,555,26
s01_uppercut_1m_left_c012,subject01,eb73dbcd-uppercut_1m_left.mp4,uppercut,left,1,572,601,30
s01_uppercut_1m_left_c013,subject01,eb73dbcd-uppercut_1m_left.mp4,uppercut,left,1,621,647,27
s01_uppercut_1m_left_c014,subject01,eb73dbcd-uppercut_1m_left.mp4,uppercut,left,1,666,694,29
s01_uppercut_1m_left_c015,subject01,eb73dbcd-uppercut_1m_left.mp4,uppercut,left,1,715,740,26
s01_cross_2m_left_c001,subject01,fe1544fd-cross_2m_left.mp4,cross,left,2,120,140,21
s01_cross_2m_left_c002,subject01,fe1544fd-cross_2m_left.mp4,cross,left,2,164,183,20
s01_cross_2m_left_c003,subject01,fe1544fd-cross_2m_left.mp4,cross,left,2,211,230,20
s01_cross_2m_left_c004,subject01,fe1544fd-cross_2m_left.mp4,cross,left,2,259,278,20
s01_cross_2m_left_c005,subject01,fe1544fd-cross_2m_left.mp4,cross,left,2,302,322,21
s01_cross_2m_left_c006,subject01,fe1544fd-cross_2m_left.mp4,cross,left,2,346,366,21
s01_cross_2m_left_c007,subject01,fe1544fd-cross_2m_left.mp4,cross,left,2,395,415,21
s01_cross_2m_left_c008,subject01,fe1544fd-cross_2m_left.mp4,cross,left,2,449,469,21
s01_cross_2m_left_c009,subject01,fe1544fd-cross_2m_left.mp4,cross,left,2,492,512,21
s01_cross_2m_left_c010,subject01,fe1544fd-cross_2m_left.mp4,cross,left,2,537,556,20
s01_cross_2m_left_c011,subject01,fe1544fd-cross_2m_left.mp4,cross,left,2,587,606,20
s01_cross_2m_left_c012,subject01,fe1544fd-cross_2m_left.mp4,cross,left,2,632,651,20
s01_cross_2m_left_c013,subject01,fe1544fd-cross_2m_left.mp4,cross,left,2,678,698,21
s01_cross_2m_left_c014,subject01,fe1544fd-cross_2m_left.mp4,cross,left,2,721,741,21
s01_cross_2m_left_c015,subject01,fe1544fd-cross_2m_left.mp4,cross,left,2,765,784,20
s02_hook_1m_left_c001,subject02,0a904a5d-hook_1m_left.mp4,hook,left,1,89,123,35
s02_hook_1m_left_c002,subject02,0a904a5d-hook_1m_left.mp4,hook,left,1,166,194,29
s02_hook_1m_left_c003,subject02,0a904a5d-hook_1m_left.mp4,hook,left,1,232,261,30
s02_hook_1m_left_c004,subject02,0a904a5d-hook_1m_left.mp4,hook,left,1,300,330,31
s02_hook_1m_left_c005,subject02,0a904a5d-hook_1m_left.mp4,hook,left,1,377,406,30
s02_hook_1m_left_c006,subject02,0a904a5d-hook_1m_left.mp4,hook,left,1,452,483,32
s02_hook_1m_left_c007,subject02,0a904a5d-hook_1m_left.mp4,hook,left,1,531,564,34
s02_hook_1m_left_c008,subject02,0a904a5d-hook_1m_left.mp4,hook,left,1,612,645,34
s02_hook_1m_left_c009,subject02,0a904a5d-hook_1m_left.mp4,hook,left,1,694,726,33
s02_hook_1m_left_c010,subject02,0a904a5d-hook_1m_left.mp4,hook,left,1,776,805,30
s02_hook_1m_left_c011,subject02,0a904a5d-hook_1m_left.mp4,hook,left,1,850,879,30
s02_hook_1m_left_c012,subject02,0a904a5d-hook_1m_left.mp4,hook,left,1,927,959,33
s02_hook_1m_left_c013,subject02,0a904a5d-hook_1m_left.mp4,hook,left,1,1014,1045,32
s02_hook_1m_left_c014,subject02,0a904a5d-hook_1m_left.mp4,hook,left,1,1096,1125,30
s02_hook_1m_left_c015,subject02,0a904a5d-hook_1m_left.mp4,hook,left,1,1173,1204,32
s02_jab_2m_left_c001,subject02,138d536f-jab_2m_left.mp4,jab,left,2,70,96,27
s02_jab_2m_left_c002,subject02,138d536f-jab_2m_left.mp4,jab,left,2,117,144,28
s02_jab_2m_left_c003,subject02,138d536f-jab_2m_left.mp4,jab,left,2,172,193,22
s02_jab_2m_left_c004,subject02,138d536f-jab_2m_left.mp4,jab,left,2,220,241,22
s02_jab_2m_left_c005,subject02,138d536f-jab_2m_left.mp4,jab,left,2,266,286,21
s02_jab_2m_left_c006,subject02,138d536f-jab_2m_left.mp4,jab,left,2,315,337,23
s02_jab_2m_left_c007,subject02,138d536f-jab_2m_left.mp4,jab,left,2,367,387,21
s02_jab_2m_left_c008,subject02,138d536f-jab_2m_left.mp4,jab,left,2,417,440,24
s02_jab_2m_left_c009,subject02,138d536f-jab_2m_left.mp4,jab,left,2,470,491,22
s02_jab_2m_left_c010,subject02,138d536f-jab_2m_left.mp4,jab,left,2,518,543,26
s02_jab_2m_left_c011,subject02,138d536f-jab_2m_left.mp4,jab,left,2,571,595,25
s02_jab_2m_left_c012,subject02,138d536f-jab_2m_left.mp4,jab,left,2,629,651,23
s02_jab_2m_left_c013,subject02,138d536f-jab_2m_left.mp4,jab,left,2,681,702,22
s02_jab_2m_left_c014,subject02,138d536f-jab_2m_left.mp4,jab,left,2,734,754,21
s02_jab_2m_left_c015,subject02,138d536f-jab_2m_left.mp4,jab,left,2,779,802,24
s02_hook_2m_right_c001,subject02,32c75d96-hook_2m_right.mp4,hook,right,2,92,126,35
s02_hook_2m_right_c002,subject02,32c75d96-hook_2m_right.mp4,hook,right,2,173,203,31
s02_hook_2m_right_c003,subject02,32c75d96-hook_2m_right.mp4,hook,right,2,246,277,32
s02_hook_2m_right_c004,subject02,32c75d96-hook_2m_right.mp4,hook,right,2,318,348,31
s02_hook_2m_right_c005,subject02,32c75d96-hook_2m_right.mp4,hook,right,2,392,422,31
s02_hook_2m_right_c006,subject02,32c75d96-hook_2m_right.mp4,hook,right,2,467,499,33
s02_hook_2m_right_c007,subject02,32c75d96-hook_2m_right.mp4,hook,right,2,544,580,37
s02_hook_2m_right_c008,subject02,32c75d96-hook_2m_right.mp4,hook,right,2,626,657,32
s02_hook_2m_right_c009,subject02,32c75d96-hook_2m_right.mp4,hook,right,2,700,733,34
s02_hook_2m_right_c010,subject02,32c75d96-hook_2m_right.mp4,hook,right,2,802,832,31
s02_hook_2m_right_c011,subject02,32c75d96-hook_2m_right.mp4,hook,right,2,875,910,36
s02_hook_2m_right_c012,subject02,32c75d96-hook_2m_right.mp4,hook,right,2,967,1005,39
s02_hook_2m_right_c013,subject02,32c75d96-hook_2m_right.mp4,hook,right,2,1052,1085,34
s02_hook_2m_right_c014,subject02,32c75d96-hook_2m_right.mp4,hook,right,2,1125,1158,34
s02_hook_2m_right_c015,subject02,32c75d96-hook_2m_right.mp4,hook,right,2,1204,1234,31
s02_jab_2m_right_c001,subject02,352b5e45-jab_2m_right.mp4,jab,right,2,86,112,27
s02_jab_2m_right_c002,subject02,352b5e45-jab_2m_right.mp4,jab,right,2,138,158,21
s02_jab_2m_right_c003,subject02,352b5e45-jab_2m_right.mp4,jab,right,2,186,205,20
s02_jab_2m_right_c004,subject02,352b5e45-jab_2m_right.mp4,jab,right,2,240,261,22
s02_jab_2m_right_c005,subject02,352b5e45-jab_2m_right.mp4,jab,right,2,293,313,21
s02_jab_2m_right_c006,subject02,352b5e45-jab_2m_right.mp4,jab,right,2,344,364,21
s02_jab_2m_right_c007,subject02,352b5e45-jab_2m_right.mp4,jab,right,2,394,415,22
s02_jab_2m_right_c008,subject02,352b5e45-jab_2m_right.mp4,jab,right,2,446,468,23
s02_jab_2m_right_c009,subject02,352b5e45-jab_2m_right.mp4,jab,right,2,496,518,23
s02_jab_2m_right_c010,subject02,352b5e45-jab_2m_right.mp4,jab,right,2,554,575,22
s02_jab_2m_right_c011,subject02,352b5e45-jab_2m_right.mp4,jab,right,2,611,630,20
s02_jab_2m_right_c012,subject02,352b5e45-jab_2m_right.mp4,jab,right,2,671,690,20
s02_jab_2m_right_c013,subject02,352b5e45-jab_2m_right.mp4,jab,right,2,721,742,22
s02_jab_2m_right_c014,subject02,352b5e45-jab_2m_right.mp4,jab,right,2,773,795,23
s02_jab_2m_right_c015,subject02,352b5e45-jab_2m_right.mp4,jab,right,2,830,853,24
s02_uppercut_2m_right_c001,subject02,a2ebf68d-uppercut_2m_right.mp4,uppercut,right,2,101,132,32
s02_uppercut_2m_right_c002,subject02,a2ebf68d-uppercut_2m_right.mp4,uppercut,right,2,161,191,31
s02_uppercut_2m_right_c003,subject02,a2ebf68d-uppercut_2m_right.mp4,uppercut,right,2,221,252,32
s02_uppercut_2m_right_c004,subject02,a2ebf68d-uppercut_2m_right.mp4,uppercut,right,2,286,317,32
s02_uppercut_2m_right_c005,subject02,a2ebf68d-uppercut_2m_right.mp4,uppercut,right,2,355,383,29
s02_uppercut_2m_right_c006,subject02,a2ebf68d-uppercut_2m_right.mp4,uppercut,right,2,418,450,33
s02_uppercut_2m_right_c007,subject02,a2ebf68d-uppercut_2m_right.mp4,uppercut,right,2,487,516,30
s02_uppercut_2m_right_c008,subject02,a2ebf68d-uppercut_2m_right.mp4,uppercut,right,2,557,589,33
s02_uppercut_2m_right_c009,subject02,a2ebf68d-uppercut_2m_right.mp4,uppercut,right,2,629,658,30
s02_uppercut_2m_right_c010,subject02,a2ebf68d-uppercut_2m_right.mp4,uppercut,right,2,694,722,29
s02_uppercut_2m_right_c011,subject02,a2ebf68d-uppercut_2m_right.mp4,uppercut,right,2,764,794,31
s02_uppercut_2m_right_c012,subject02,a2ebf68d-uppercut_2m_right.mp4,uppercut,right,2,829,860,32
s02_uppercut_2m_right_c013,subject02,a2ebf68d-uppercut_2m_right.mp4,uppercut,right,2,901,929,29
s02_uppercut_2m_right_c014,subject02,a2ebf68d-uppercut_2m_right.mp4,uppercut,right,2,971,1001,31
s02_uppercut_2m_right_c015,subject02,a2ebf68d-uppercut_2m_right.mp4,uppercut,right,2,1046,1078,33
s02_cross_2m_right_c001,subject02,a8459208-cross_2m_right.mp4,cross,right,2,83,106,24
s02_cross_2m_right_c002,subject02,a8459208-cross_2m_right.mp4,cross,right,2,133,152,20
s02_cross_2m_right_c003,subject02,a8459208-cross_2m_right.mp4,cross,right,2,180,199,20
s02_cross_2m_right_c004,subject02,a8459208-cross_2m_right.mp4,cross,right,2,225,247,23
s02_cross_2m_right_c005,subject02,a8459208-cross_2m_right.mp4,cross,right,2,279,300,22
s02_cross_2m_right_c006,subject02,a8459208-cross_2m_right.mp4,cross,right,2,329,350,22
s02_cross_2m_right_c007,subject02,a8459208-cross_2m_right.mp4,cross,right,2,377,398,22
s02_cross_2m_right_c008,subject02,a8459208-cross_2m_right.mp4,cross,right,2,429,448,20
s02_cross_2m_right_c009,subject02,a8459208-cross_2m_right.mp4,cross,right,2,479,500,22
s02_cross_2m_right_c010,subject02,a8459208-cross_2m_right.mp4,cross,right,2,528,551,24
s02_cross_2m_right_c011,subject02,a8459208-cross_2m_right.mp4,cross,right,2,583,602,20
s02_cross_2m_right_c012,subject02,a8459208-cross_2m_right.mp4,cross,right,2,632,653,22
s02_cross_2m_right_c013,subject02,a8459208-cross_2m_right.mp4,cross,right,2,682,701,20
s02_cross_2m_right_c014,subject02,a8459208-cross_2m_right.mp4,cross,right,2,732,753,22
s02_cross_2m_right_c015,subject02,a8459208-cross_2m_right.mp4,cross,right,2,785,805,21
s02_uppercut_1m_left_c001,subject02,abb032c2-uppercut_1m_left.mp4,uppercut,left,1,84,113,30
s02_uppercut_1m_left_c002,subject02,abb032c2-uppercut_1m_left.mp4,uppercut,left,1,147,175,29
s02_uppercut_1m_left_c003,subject02,abb032c2-uppercut_1m_left.mp4,uppercut,left,1,213,240,28
s02_uppercut_1m_left_c004,subject02,abb032c2-uppercut_1m_left.mp4,uppercut,left,1,274,301,28
s02_uppercut_1m_left_c005,subject02,abb032c2-uppercut_1m_left.mp4,uppercut,left,1,335,364,30
s02_uppercut_1m_left_c006,subject02,abb032c2-uppercut_1m_left.mp4,uppercut,left,1,398,427,30
s02_uppercut_1m_left_c007,subject02,abb032c2-uppercut_1m_left.mp4,uppercut,left,1,463,491,29
s02_uppercut_1m_left_c008,subject02,abb032c2-uppercut_1m_left.mp4,uppercut,left,1,523,552,30
s02_uppercut_1m_left_c009,subject02,abb032c2-uppercut_1m_left.mp4,uppercut,left,1,582,611,30
s02_uppercut_1m_left_c010,subject02,abb032c2-uppercut_1m_left.mp4,uppercut,left,1,641,671,31
s02_uppercut_1m_left_c011,subject02,abb032c2-uppercut_1m_left.mp4,uppercut,left,1,709,738,30
s02_uppercut_1m_left_c012,subject02,abb032c2-uppercut_1m_left.mp4,uppercut,left,1,776,805,30
s02_uppercut_1m_left_c013,subject02,abb032c2-uppercut_1m_left.mp4,uppercut,left,1,862,891,30
s02_uppercut_1m_left_c014,subject02,abb032c2-uppercut_1m_left.mp4,uppercut,left,1,926,954,29
s02_uppercut_1m_left_c015,subject02,abb032c2-uppercut_1m_left.mp4,uppercut,left,1,991,1019,29
s02_hook_1m_right_c001,subject02,bd8369a3-hook_1m_right.mp4,hook,right,1,85,111,27
s02_hook_1m_right_c002,subject02,bd8369a3-hook_1m_right.mp4,hook,right,1,160,190,31
s02_hook_1m_right_c003,subject02,bd8369a3-hook_1m_right.mp4,hook,right,1,238,265,28
s02_hook_1m_right_c004,subject02,bd8369a3-hook_1m_right.mp4,hook,right,1,313,343,31
s02_hook_1m_right_c005,subject02,bd8369a3-hook_1m_right.mp4,hook,right,1,391,424,34
s02_hook_1m_right_c006,subject02,bd8369a3-hook_1m_right.mp4,hook,right,1,474,504,31
s02_hook_1m_right_c007,subject02,bd8369a3-hook_1m_right.mp4,hook,right,1,549,578,30
s02_hook_1m_right_c008,subject02,bd8369a3-hook_1m_right.mp4,hook,right,1,632,663,32
s02_hook_1m_right_c009,subject02,bd8369a3-hook_1m_right.mp4,hook,right,1,713,747,35
s02_hook_1m_right_c010,subject02,bd8369a3-hook_1m_right.mp4,hook,right,1,799,830,32
s02_hook_1m_right_c011,subject02,bd8369a3-hook_1m_right.mp4,hook,right,1,884,918,35
s02_hook_1m_right_c012,subject02,bd8369a3-hook_1m_right.mp4,hook,right,1,968,1004,37
s02_hook_1m_right_c013,subject02,bd8369a3-hook_1m_right.mp4,hook,right,1,1054,1087,34
s02_hook_1m_right_c014,subject02,bd8369a3-hook_1m_right.mp4,hook,right,1,1134,1170,37
s02_hook_1m_right_c015,subject02,bd8369a3-hook_1m_right.mp4,hook,right,1,1217,1252,36
s02_cross_1m_left_c001,subject02,cdb4748c-cross_1m_left.mp4,cross,left,1,110,134,25
s02_cross_1m_left_c002,subject02,cdb4748c-cross_1m_left.mp4,cross,left,1,161,181,21
s02_cross_1m_left_c003,subject02,cdb4748c-cross_1m_left.mp4,cross,left,1,208,229,22
s02_cross_1m_left_c004,subject02,cdb4748c-cross_1m_left.mp4,cross,left,1,257,277,21
s02_cross_1m_left_c005,subject02,cdb4748c-cross_1m_left.mp4,cross,left,1,305,324,20
s02_cross_1m_left_c006,subject02,cdb4748c-cross_1m_left.mp4,cross,left,1,351,370,20
s02_cross_1m_left_c007,subject02,cdb4748c-cross_1m_left.mp4,cross,left,1,398,418,21
s02_cross_1m_left_c008,subject02,cdb4748c-cross_1m_left.mp4,cross,left,1,443,463,21
s02_cross_1m_left_c009,subject02,cdb4748c-cross_1m_left.mp4,cross,left,1,488,509,22
s02_cross_1m_left_c010,subject02,cdb4748c-cross_1m_left.mp4,cross,left,1,535,555,21
s02_cross_1m_left_c011,subject02,cdb4748c-cross_1m_left.mp4,cross,left,1,580,599,20
s02_cross_1m_left_c012,subject02,cdb4748c-cross_1m_left.mp4,cross,left,1,627,647,21
s02_cross_1m_left_c013,subject02,cdb4748c-cross_1m_left.mp4,cross,left,1,675,694,20
s02_cross_1m_left_c014,subject02,cdb4748c-cross_1m_left.mp4,cross,left,1,721,740,20
s02_cross_1m_left_c015,subject02,cdb4748c-cross_1m_left.mp4,cross,left,1,766,786,21
s02_uppercut_2m_left_c001,subject02,d1221370-uppercut_2m_left.mp4,uppercut,left,2,86,113,28
s02_uppercut_2m_left_c002,subject02,d1221370-uppercut_2m_left.mp4,uppercut,left,2,147,173,27
s02_uppercut_2m_left_c003,subject02,d1221370-uppercut_2m_left.mp4,uppercut,left,2,204,234,31
s02_uppercut_2m_left_c004,subject02,d1221370-uppercut_2m_left.mp4,uppercut,left,2,269,294,26
s02_uppercut_2m_left_c005,subject02,d1221370-uppercut_2m_left.mp4,uppercut,left,2,331,361,31
s02_uppercut_2m_left_c006,subject02,d1221370-uppercut_2m_left.mp4,uppercut,left,2,403,433,31
s02_uppercut_2m_left_c007,subject02,d1221370-uppercut_2m_left.mp4,uppercut,left,2,473,502,30
s02_uppercut_2m_left_c008,subject02,d1221370-uppercut_2m_left.mp4,uppercut,left,2,541,568,28
s02_uppercut_2m_left_c009,subject02,d1221370-uppercut_2m_left.mp4,uppercut,left,2,604,633,30
s02_uppercut_2m_left_c010,subject02,d1221370-uppercut_2m_left.mp4,uppercut,left,2,675,703,29
s02_uppercut_2m_left_c011,subject02,d1221370-uppercut_2m_left.mp4,uppercut,left,2,740,770,31
s02_uppercut_2m_left_c012,subject02,d1221370-uppercut_2m_left.mp4,uppercut,left,2,811,840,30
s02_uppercut_2m_left_c013,subject02,d1221370-uppercut_2m_left.mp4,uppercut,left,2,878,908,31
s02_uppercut_2m_left_c014,subject02,d1221370-uppercut_2m_left.mp4,uppercut,left,2,945,976,32
s02_uppercut_2m_left_c015,subject02,d1221370-uppercut_2m_left.mp4,uppercut,left,2,1021,1050,30
s02_uppercut_1m_right_c001,subject02,d16634be-uppercut_1m_right.mp4,uppercut,right,1,98,127,30
s02_uppercut_1m_right_c002,subject02,d16634be-uppercut_1m_right.mp4,uppercut,right,1,156,186,31
s02_uppercut_1m_right_c003,subject02,d16634be-uppercut_1m_right.mp4,uppercut,right,1,216,245,30
s02_uppercut_1m_right_c004,subject02,d16634be-uppercut_1m_right.mp4,uppercut,right,1,272,303,32
s02_uppercut_1m_right_c005,subject02,d16634be-uppercut_1m_right.mp4,uppercut,right,1,335,365,31
s02_uppercut_1m_right_c006,subject02,d16634be-uppercut_1m_right.mp4,uppercut,right,1,397,428,32
s02_uppercut_1m_right_c007,subject02,d16634be-uppercut_1m_right.mp4,uppercut,right,1,463,492,30
s02_uppercut_1m_right_c008,subject02,d16634be-uppercut_1m_right.mp4,uppercut,right,1,531,559,29
s02_uppercut_1m_right_c009,subject02,d16634be-uppercut_1m_right.mp4,uppercut,right,1,594,624,31
s02_uppercut_1m_right_c010,subject02,d16634be-uppercut_1m_right.mp4,uppercut,right,1,660,689,30
s02_uppercut_1m_right_c011,subject02,d16634be-uppercut_1m_right.mp4,uppercut,right,1,724,753,30
s02_uppercut_1m_right_c012,subject02,d16634be-uppercut_1m_right.mp4,uppercut,right,1,792,823,32
s02_uppercut_1m_right_c013,subject02,d16634be-uppercut_1m_right.mp4,uppercut,right,1,856,885,30
s02_uppercut_1m_right_c014,subject02,d16634be-uppercut_1m_right.mp4,uppercut,right,1,926,956,31
s02_uppercut_1m_right_c015,subject02,d16634be-uppercut_1m_right.mp4,uppercut,right,1,996,1025,30
s02_cross_2m_left_c001,subject02,d3344c4b-cross_2m_left.mp4,cross,left,2,87,108,22
s02_cross_2m_left_c002,subject02,d3344c4b-cross_2m_left.mp4,cross,left,2,138,158,21
s02_cross_2m_left_c003,subject02,d3344c4b-cross_2m_left.mp4,cross,left,2,186,206,21
s02_cross_2m_left_c004,subject02,d3344c4b-cross_2m_left.mp4,cross,left,2,234,255,22
s02_cross_2m_left_c005,subject02,d3344c4b-cross_2m_left.mp4,cross,left,2,282,302,21
s02_cross_2m_left_c006,subject02,d3344c4b-cross_2m_left.mp4,cross,left,2,331,351,21
s02_cross_2m_left_c007,subject02,d3344c4b-cross_2m_left.mp4,cross,left,2,378,398,21
s02_cross_2m_left_c008,subject02,d3344c4b-cross_2m_left.mp4,cross,left,2,427,447,21
s02_cross_2m_left_c009,subject02,d3344c4b-cross_2m_left.mp4,cross,left,2,472,493,22
s02_cross_2m_left_c010,subject02,d3344c4b-cross_2m_left.mp4,cross,left,2,522,543,22
s02_cross_2m_left_c011,subject02,d3344c4b-cross_2m_left.mp4,cross,left,2,568,588,21
s02_cross_2m_left_c012,subject02,d3344c4b-cross_2m_left.mp4,cross,left,2,616,637,22
s02_cross_2m_left_c013,subject02,d3344c4b-cross_2m_left.mp4,cross,left,2,666,685,20
s02_cross_2m_left_c014,subject02,d3344c4b-cross_2m_left.mp4,cross,left,2,712,732,21
s02_cross_2m_left_c015,subject02,d3344c4b-cross_2m_left.mp4,cross,left,2,759,779,21
s02_jab_1m_left_c001,subject02,e28e8325-jab_1m_left.mp4,jab,left,1,65,92,28
s02_jab_1m_left_c002,subject02,e28e8325-jab_1m_left.mp4,jab,left,1,121,143,23
s02_jab_1m_left_c003,subject02,e28e8325-jab_1m_left.mp4,jab,left,1,159,184,26
s02_jab_1m_left_c004,subject02,e28e8325-jab_1m_left.mp4,jab,left,1,216,236,21
s02_jab_1m_left_c005,subject02,e28e8325-jab_1m_left.mp4,jab,left,1,257,279,23
s02_jab_1m_left_c006,subject02,e28e8325-jab_1m_left.mp4,jab,left,1,311,332,22
s02_jab_1m_left_c007,subject02,e28e8325-jab_1m_left.mp4,jab,left,1,359,381,23
s02_jab_1m_left_c008,subject02,e28e8325-jab_1m_left.mp4,jab,left,1,411,432,22
s02_jab_1m_left_c009,subject02,e28e8325-jab_1m_left.mp4,jab,left,1,471,492,22
s02_jab_1m_left_c010,subject02,e28e8325-jab_1m_left.mp4,jab,left,1,523,545,23
s02_jab_1m_left_c011,subject02,e28e8325-jab_1m_left.mp4,jab,left,1,574,595,22
s02_jab_1m_left_c012,subject02,e28e8325-jab_1m_left.mp4,jab,left,1,622,644,23
s02_jab_1m_left_c013,subject02,e28e8325-jab_1m_left.mp4,jab,left,1,677,702,26
s02_jab_1m_left_c014,subject02,e28e8325-jab_1m_left.mp4,jab,left,1,736,760,25
s02_jab_1m_left_c015,subject02,e28e8325-jab_1m_left.mp4,jab,left,1,790,814,25
s02_cross_1m_right_c001,subject02,eb1ca263-cross_1m_right.mp4,cross,right,1,93,120,28
s02_cross_1m_right_c002,subject02,eb1ca263-cross_1m_right.mp4,cross,right,1,146,171,26
s02_cross_1m_right_c003,subject02,eb1ca263-cross_1m_right.mp4,cross,right,1,203,227,25
s02_cross_1m_right_c004,subject02,eb1ca263-cross_1m_right.mp4,cross,right,1,257,282,26
s02_cross_1m_right_c005,subject02,eb1ca263-cross_1m_right.mp4,cross,right,1,310,334,25
s02_cross_1m_right_c006,subject02,eb1ca263-cross_1m_right.mp4,cross,right,1,361,383,23
s02_cross_1m_right_c007,subject02,eb1ca263-cross_1m_right.mp4,cross,right,1,414,433,20
s02_cross_1m_right_c008,subject02,eb1ca263-cross_1m_right.mp4,cross,right,1,466,486,21
s02_cross_1m_right_c009,subject02,eb1ca263-cross_1m_right.mp4,cross,right,1,521,540,20
s02_cross_1m_right_c010,subject02,eb1ca263-cross_1m_right.mp4,cross,right,1,572,591,20
s02_cross_1m_right_c011,subject02,eb1ca263-cross_1m_right.mp4,cross,right,1,623,643,21
s02_cross_1m_right_c012,subject02,eb1ca263-cross_1m_right.mp4,cross,right,1,678,699,22
s02_cross_1m_right_c013,subject02,eb1ca263-cross_1m_right.mp4,cross,right,1,731,752,22
s02_cross_1m_right_c014,subject02,eb1ca263-cross_1m_right.mp4,cross,right,1,785,806,22
s02_cross_1m_right_c015,subject02,eb1ca263-cross_1m_right.mp4,cross,right,1,841,864,24
s02_hook_2m_left_c001,subject02,eed0e587-hook_2m_left.mp4,hook,left,2,87,120,34
s02_hook_2m_left_c002,subject02,eed0e587-hook_2m_left.mp4,hook,left,2,160,193,34
s02_hook_2m_left_c003,subject02,eed0e587-hook_2m_left.mp4,hook,left,2,235,270,36
s02_hook_2m_left_c004,subject02,eed0e587-hook_2m_left.mp4,hook,left,2,321,353,33
s02_hook_2m_left_c005,subject02,eed0e587-hook_2m_left.mp4,hook,left,2,399,430,32
s02_hook_2m_left_c006,subject02,eed0e587-hook_2m_left.mp4,hook,left,2,478,508,31
s02_hook_2m_left_c007,subject02,eed0e587-hook_2m_left.mp4,hook,left,2,566,597,32
s02_hook_2m_left_c008,subject02,eed0e587-hook_2m_left.mp4,hook,left,2,648,678,31
s02_hook_2m_left_c009,subject02,eed0e587-hook_2m_left.mp4,hook,left,2,735,770,36
s02_hook_2m_left_c010,subject02,eed0e587-hook_2m_left.mp4,hook,left,2,818,847,30
s02_hook_2m_left_c011,subject02,eed0e587-hook_2m_left.mp4,hook,left,2,899,933,35
s02_hook_2m_left_c012,subject02,eed0e587-hook_2m_left.mp4,hook,left,2,983,1014,32
s02_hook_2m_left_c013,subject02,eed0e587-hook_2m_left.mp4,hook,left,2,1067,1098,32
s02_hook_2m_left_c014,subject02,eed0e587-hook_2m_left.mp4,hook,left,2,1159,1191,33
s02_hook_2m_left_c015,subject02,eed0e587-hook_2m_left.mp4,hook,left,2,1245,1279,35
s02_jab_1m_right_c001,subject02,f4deb221-jab_1m_right.mp4,jab,right,1,86,108,23
s02_jab_1m_right_c002,subject02,f4deb221-jab_1m_right.mp4,jab,right,1,127,154,28
s02_jab_1m_right_c003,subject02,f4deb221-jab_1m_right.mp4,jab,right,1,182,203,22
s02_jab_1m_right_c004,subject02,f4deb221-jab_1m_right.mp4,jab,right,1,228,247,20
s02_jab_1m_right_c005,subject02,f4deb221-jab_1m_right.mp4,jab,right,1,268,293,26
s02_jab_1m_right_c006,subject02,f4deb221-jab_1m_right.mp4,jab,right,1,323,342,20
s02_jab_1m_right_c007,subject02,f4deb221-jab_1m_right.mp4,jab,right,1,371,390,20
s02_jab_1m_right_c008,subject02,f4deb221-jab_1m_right.mp4,jab,right,1,419,439,21
s02_jab_1m_right_c009,subject02,f4deb221-jab_1m_right.mp4,jab,right,1,468,490,23
s02_jab_1m_right_c010,subject02,f4deb221-jab_1m_right.mp4,jab,right,1,520,541,22
s02_jab_1m_right_c011,subject02,f4deb221-jab_1m_right.mp4,jab,right,1,573,594,22
s02_jab_1m_right_c012,subject02,f4deb221-jab_1m_right.mp4,jab,right,1,627,649,23
s02_jab_1m_right_c013,subject02,f4deb221-jab_1m_right.mp4,jab,right,1,673,699,27
s02_jab_1m_right_c014,subject02,f4deb221-jab_1m_right.mp4,jab,right,1,727,754,28
s02_jab_1m_right_c015,subject02,f4deb221-jab_1m_right.mp4,jab,right,1,782,809,28
s03_jab_1m_left_c001,subject03,1a9a9962-jab_1m_left.mp4,jab,left,1,118,136,19
s03_jab_1m_left_c002,subject03,1a9a9962-jab_1m_left.mp4,jab,left,1,120,137,18
s03_jab_1m_left_c003,subject03,1a9a9962-jab_1m_left.mp4,jab,left,1,159,176,18
s03_jab_1m_left_c004,subject03,1a9a9962-jab_1m_left.mp4,jab,left,1,198,217,20
s03_jab_1m_left_c005,subject03,1a9a9962-jab_1m_left.mp4,jab,left,1,241,259,19
s03_jab_1m_left_c006,subject03,1a9a9962-jab_1m_left.mp4,jab,left,1,280,297,18
s03_jab_1m_left_c007,subject03,1a9a9962-jab_1m_left.mp4,jab,left,1,321,338,18
s03_jab_1m_left_c008,subject03,1a9a9962-jab_1m_left.mp4,jab,left,1,364,381,18
s03_jab_1m_left_c009,subject03,1a9a9962-jab_1m_left.mp4,jab,left,1,405,424,20
s03_jab_1m_left_c010,subject03,1a9a9962-jab_1m_left.mp4,jab,left,1,443,461,19
s03_jab_1m_left_c011,subject03,1a9a9962-jab_1m_left.mp4,jab,left,1,487,506,20
s03_jab_1m_left_c012,subject03,1a9a9962-jab_1m_left.mp4,jab,left,1,526,543,18
s03_jab_1m_left_c013,subject03,1a9a9962-jab_1m_left.mp4,jab,left,1,569,588,20
s03_jab_1m_left_c014,subject03,1a9a9962-jab_1m_left.mp4,jab,left,1,611,629,19
s03_jab_1m_left_c015,subject03,1a9a9962-jab_1m_left.mp4,jab,left,1,651,668,18
s03_uppercut_2m_left_c001,subject03,1aaae612-uppercut_2m_left.mp4,uppercut,left,2,99,123,25
s03_uppercut_2m_left_c002,subject03,1aaae612-uppercut_2m_left.mp4,uppercut,left,2,139,168,30
s03_uppercut_2m_left_c003,subject03,1aaae612-uppercut_2m_left.mp4,uppercut,left,2,191,220,30
s03_uppercut_2m_left_c004,subject03,1aaae612-uppercut_2m_left.mp4,uppercut,left,2,245,274,30
s03_uppercut_2m_left_c005,subject03,1aaae612-uppercut_2m_left.mp4,uppercut,left,2,295,324,30
s03_uppercut_2m_left_c006,subject03,1aaae612-uppercut_2m_left.mp4,uppercut,left,2,347,375,29
s03_uppercut_2m_left_c007,subject03,1aaae612-uppercut_2m_left.mp4,uppercut,left,2,396,424,29
s03_uppercut_2m_left_c008,subject03,1aaae612-uppercut_2m_left.mp4,uppercut,left,2,448,476,29
s03_uppercut_2m_left_c009,subject03,1aaae612-uppercut_2m_left.mp4,uppercut,left,2,498,526,29
s03_uppercut_2m_left_c010,subject03,1aaae612-uppercut_2m_left.mp4,uppercut,left,2,544,574,31
s03_uppercut_2m_left_c011,subject03,1aaae612-uppercut_2m_left.mp4,uppercut,left,2,597,623,27
s03_uppercut_2m_left_c012,subject03,1aaae612-uppercut_2m_left.mp4,uppercut,left,2,646,674,29
s03_uppercut_2m_left_c013,subject03,1aaae612-uppercut_2m_left.mp4,uppercut,left,2,697,725,29
s03_uppercut_2m_left_c014,subject03,1aaae612-uppercut_2m_left.mp4,uppercut,left,2,748,777,30
s03_uppercut_2m_left_c015,subject03,1aaae612-uppercut_2m_left.mp4,uppercut,left,2,799,829,31
s03_uppercut_2m_left_c016,subject03,1aaae612-uppercut_2m_left.mp4,uppercut,left,2,846,875,30
s03_hook_2m_right_c001,subject03,42e9f176-hook_2m_right.mp4,hook,right,2,69,98,30
s03_hook_2m_right_c002,subject03,42e9f176-hook_2m_right.mp4,hook,right,2,124,154,31
s03_hook_2m_right_c003,subject03,42e9f176-hook_2m_right.mp4,hook,right,2,179,209,31
s03_hook_2m_right_c004,subject03,42e9f176-hook_2m_right.mp4,hook,right,2,239,271,33
s03_hook_2m_right_c005,subject03,42e9f176-hook_2m_right.mp4,hook,right,2,298,330,33
s03_hook_2m_right_c006,subject03,42e9f176-hook_2m_right.mp4,hook,right,2,358,389,32
s03_hook_2m_right_c007,subject03,42e9f176-hook_2m_right.mp4,hook,right,2,418,449,32
s03_hook_2m_right_c008,subject03,42e9f176-hook_2m_right.mp4,hook,right,2,477,510,34
s03_hook_2m_right_c009,subject03,42e9f176-hook_2m_right.mp4,hook,right,2,537,568,32
s03_hook_2m_right_c010,subject03,42e9f176-hook_2m_right.mp4,hook,right,2,594,626,33
s03_hook_2m_right_c011,subject03,42e9f176-hook_2m_right.mp4,hook,right,2,654,683,30
s03_hook_2m_right_c012,subject03,42e9f176-hook_2m_right.mp4,hook,right,2,711,743,33
s03_hook_2m_right_c013,subject03,42e9f176-hook_2m_right.mp4,hook,right,2,774,804,31
s03_hook_2m_right_c014,subject03,42e9f176-hook_2m_right.mp4,hook,right,2,834,864,31
s03_hook_2m_right_c015,subject03,42e9f176-hook_2m_right.mp4,hook,right,2,894,923,30
s03_hook_2m_right_c016,subject03,42e9f176-hook_2m_right.mp4,hook,right,2,954,983,30
s03_hook_2m_left_c001,subject03,51b7baf0-hook_2m_left.mp4,hook,left,2,133,165,33
s03_hook_2m_left_c002,subject03,51b7baf0-hook_2m_left.mp4,hook,left,2,193,223,31
s03_hook_2m_left_c003,subject03,51b7baf0-hook_2m_left.mp4,hook,left,2,248,276,29
s03_hook_2m_left_c004,subject03,51b7baf0-hook_2m_left.mp4,hook,left,2,301,332,32
s03_hook_2m_left_c005,subject03,51b7baf0-hook_2m_left.mp4,hook,left,2,360,388,29
s03_hook_2m_left_c006,subject03,51b7baf0-hook_2m_left.mp4,hook,left,2,410,440,31
s03_hook_2m_left_c007,subject03,51b7baf0-hook_2m_left.mp4,hook,left,2,466,496,31
s03_hook_2m_left_c008,subject03,51b7baf0-hook_2m_left.mp4,hook,left,2,520,547,28
s03_hook_2m_left_c009,subject03,51b7baf0-hook_2m_left.mp4,hook,left,2,573,604,32
s03_hook_2m_left_c010,subject03,51b7baf0-hook_2m_left.mp4,hook,left,2,632,659,28
s03_hook_2m_left_c011,subject03,51b7baf0-hook_2m_left.mp4,hook,left,2,686,715,30
s03_hook_2m_left_c012,subject03,51b7baf0-hook_2m_left.mp4,hook,left,2,739,767,29
s03_hook_2m_left_c013,subject03,51b7baf0-hook_2m_left.mp4,hook,left,2,794,824,31
s03_hook_2m_left_c014,subject03,51b7baf0-hook_2m_left.mp4,hook,left,2,848,878,31
s03_hook_2m_left_c015,subject03,51b7baf0-hook_2m_left.mp4,hook,left,2,907,936,30
s03_jab_2m_right_c001,subject03,5a1f1d98-jab_2m_right.mp4,jab,right,2,93,110,18
s03_jab_2m_right_c002,subject03,5a1f1d98-jab_2m_right.mp4,jab,right,2,129,147,19
s03_jab_2m_right_c003,subject03,5a1f1d98-jab_2m_right.mp4,jab,right,2,170,190,21
s03_jab_2m_right_c004,subject03,5a1f1d98-jab_2m_right.mp4,jab,right,2,218,235,18
s03_jab_2m_right_c005,subject03,5a1f1d98-jab_2m_right.mp4,jab,right,2,261,278,18
s03_jab_2m_right_c006,subject03,5a1f1d98-jab_2m_right.mp4,jab,right,2,302,318,17
s03_jab_2m_right_c007,subject03,5a1f1d98-jab_2m_right.mp4,jab,right,2,349,367,19
s03_jab_2m_right_c008,subject03,5a1f1d98-jab_2m_right.mp4,jab,right,2,395,414,20
s03_jab_2m_right_c009,subject03,5a1f1d98-jab_2m_right.mp4,jab,right,2,442,459,18
s03_jab_2m_right_c010,subject03,5a1f1d98-jab_2m_right.mp4,jab,right,2,486,503,18
s03_jab_2m_right_c011,subject03,5a1f1d98-jab_2m_right.mp4,jab,right,2,536,553,18
s03_jab_2m_right_c012,subject03,5a1f1d98-jab_2m_right.mp4,jab,right,2,578,596,19
s03_jab_2m_right_c013,subject03,5a1f1d98-jab_2m_right.mp4,jab,right,2,623,640,18
s03_jab_2m_right_c014,subject03,5a1f1d98-jab_2m_right.mp4,jab,right,2,672,691,20
s03_jab_2m_right_c015,subject03,5a1f1d98-jab_2m_right.mp4,jab,right,2,716,734,19
s03_uppercut_2m_right_c001,subject03,5f097553-uppercut_2m_right.mp4,uppercut,right,2,98,124,27
s03_uppercut_2m_right_c002,subject03,5f097553-uppercut_2m_right.mp4,uppercut,right,2,150,177,28
s03_uppercut_2m_right_c003,subject03,5f097553-uppercut_2m_right.mp4,uppercut,right,2,211,238,28
s03_uppercut_2m_right_c004,subject03,5f097553-uppercut_2m_right.mp4,uppercut,right,2,268,297,30
s03_uppercut_2m_right_c005,subject03,5f097553-uppercut_2m_right.mp4,uppercut,right,2,326,355,30
s03_uppercut_2m_right_c006,subject03,5f097553-uppercut_2m_right.mp4,uppercut,right,2,379,410,32
s03_uppercut_2m_right_c007,subject03,5f097553-uppercut_2m_right.mp4,uppercut,right,2,439,468,30
s03_uppercut_2m_right_c008,subject03,5f097553-uppercut_2m_right.mp4,uppercut,right,2,494,524,31
s03_uppercut_2m_right_c009,subject03,5f097553-uppercut_2m_right.mp4,uppercut,right,2,548,579,32
s03_uppercut_2m_right_c010,subject03,5f097553-uppercut_2m_right.mp4,uppercut,right,2,606,636,31
s03_uppercut_2m_right_c011,subject03,5f097553-uppercut_2m_right.mp4,uppercut,right,2,660,688,29
s03_uppercut_2m_right_c012,subject03,5f097553-uppercut_2m_right.mp4,uppercut,right,2,709,739,31
s03_uppercut_2m_right_c013,subject03,5f097553-uppercut_2m_right.mp4,uppercut,right,2,763,792,30
s03_uppercut_2m_right_c014,subject03,5f097553-uppercut_2m_right.mp4,uppercut,right,2,818,846,29
s03_uppercut_2m_right_c015,subject03,5f097553-uppercut_2m_right.mp4,uppercut,right,2,868,896,29
s03_uppercut_1m_right_c001,subject03,65dbc0c5-uppercut_1m_right.mp4,uppercut,right,1,179,206,28
s03_uppercut_1m_right_c002,subject03,65dbc0c5-uppercut_1m_right.mp4,uppercut,right,1,228,258,31
s03_uppercut_1m_right_c003,subject03,65dbc0c5-uppercut_1m_right.mp4,uppercut,right,1,282,310,29
s03_uppercut_1m_right_c004,subject03,65dbc0c5-uppercut_1m_right.mp4,uppercut,right,1,338,365,28
s03_uppercut_1m_right_c005,subject03,65dbc0c5-uppercut_1m_right.mp4,uppercut,right,1,395,424,30
s03_uppercut_1m_right_c006,subject03,65dbc0c5-uppercut_1m_right.mp4,uppercut,right,1,452,480,29
s03_uppercut_1m_right_c007,subject03,65dbc0c5-uppercut_1m_right.mp4,uppercut,right,1,518,545,28
s03_uppercut_1m_right_c008,subject03,65dbc0c5-uppercut_1m_right.mp4,uppercut,right,1,588,614,27
s03_uppercut_1m_right_c009,subject03,65dbc0c5-uppercut_1m_right.mp4,uppercut,right,1,647,677,31
s03_uppercut_1m_right_c010,subject03,65dbc0c5-uppercut_1m_right.mp4,uppercut,right,1,718,746,29
s03_uppercut_1m_right_c011,subject03,65dbc0c5-uppercut_1m_right.mp4,uppercut,right,1,791,821,31
s03_uppercut_1m_right_c012,subject03,65dbc0c5-uppercut_1m_right.mp4,uppercut,right,1,862,889,28
s03_uppercut_1m_right_c013,subject03,65dbc0c5-uppercut_1m_right.mp4,uppercut,right,1,921,951,31
s03_uppercut_1m_right_c014,subject03,65dbc0c5-uppercut_1m_right.mp4,uppercut,right,1,983,1013,31
s03_uppercut_1m_right_c015,subject03,65dbc0c5-uppercut_1m_right.mp4,uppercut,right,1,1058,1087,30
s03_uppercut_1m_right_c016,subject03,65dbc0c5-uppercut_1m_right.mp4,uppercut,right,1,1127,1156,30
s03_jab_2m_left_c001,subject03,908275e2-jab_2m_left.mp4,jab,left,2,102,119,18
s03_jab_2m_left_c002,subject03,908275e2-jab_2m_left.mp4,jab,left,2,143,160,18
s03_jab_2m_left_c003,subject03,908275e2-jab_2m_left.mp4,jab,left,2,185,202,18
s03_jab_2m_left_c004,subject03,908275e2-jab_2m_left.mp4,jab,left,2,236,254,19
s03_jab_2m_left_c005,subject03,908275e2-jab_2m_left.mp4,jab,left,2,282,300,19
s03_jab_2m_left_c006,subject03,908275e2-jab_2m_left.mp4,jab,left,2,328,344,17
s03_jab_2m_left_c007,subject03,908275e2-jab_2m_left.mp4,jab,left,2,373,391,19
s03_jab_2m_left_c008,subject03,908275e2-jab_2m_left.mp4,jab,left,2,422,440,19
s03_jab_2m_left_c009,subject03,908275e2-jab_2m_left.mp4,jab,left,2,468,486,19
s03_jab_2m_left_c010,subject03,908275e2-jab_2m_left.mp4,jab,left,2,515,533,19
s03_jab_2m_left_c011,subject03,908275e2-jab_2m_left.mp4,jab,left,2,562,579,18
s03_jab_2m_left_c012,subject03,908275e2-jab_2m_left.mp4,jab,left,2,606,625,20
s03_jab_2m_left_c013,subject03,908275e2-jab_2m_left.mp4,jab,left,2,656,674,19
s03_jab_2m_left_c014,subject03,908275e2-jab_2m_left.mp4,jab,left,2,705,723,19
s03_jab_2m_left_c015,subject03,908275e2-jab_2m_left.mp4,jab,left,2,753,772,20
s03_uppercut_1m_left_c001,subject03,b9642171-uppercut_1m_left.mp4,uppercut,left,1,111,136,26
s03_uppercut_1m_left_c002,subject03,b9642171-uppercut_1m_left.mp4,uppercut,left,1,159,185,27
s03_uppercut_1m_left_c003,subject03,b9642171-uppercut_1m_left.mp4,uppercut,left,1,209,237,29
s03_uppercut_1m_left_c004,subject03,b9642171-uppercut_1m_left.mp4,uppercut,left,1,261,288,28
s03_uppercut_1m_left_c005,subject03,b9642171-uppercut_1m_left.mp4,uppercut,left,1,314,341,28
s03_uppercut_1m_left_c006,subject03,b9642171-uppercut_1m_left.mp4,uppercut,left,1,367,397,31
s03_uppercut_1m_left_c007,subject03,b9642171-uppercut_1m_left.mp4,uppercut,left,1,426,453,28
s03_uppercut_1m_left_c008,subject03,b9642171-uppercut_1m_left.mp4,uppercut,left,1,480,507,28
s03_uppercut_1m_left_c009,subject03,b9642171-uppercut_1m_left.mp4,uppercut,left,1,535,562,28
s03_uppercut_1m_left_c010,subject03,b9642171-uppercut_1m_left.mp4,uppercut,left,1,589,616,28
s03_uppercut_1m_left_c011,subject03,b9642171-uppercut_1m_left.mp4,uppercut,left,1,641,670,30
s03_uppercut_1m_left_c012,subject03,b9642171-uppercut_1m_left.mp4,uppercut,left,1,699,729,31
s03_uppercut_1m_left_c013,subject03,b9642171-uppercut_1m_left.mp4,uppercut,left,1,758,785,28
s03_uppercut_1m_left_c014,subject03,b9642171-uppercut_1m_left.mp4,uppercut,left,1,813,842,30
s03_uppercut_1m_left_c015,subject03,b9642171-uppercut_1m_left.mp4,uppercut,left,1,869,898,30
s03_uppercut_1m_left_c016,subject03,b9642171-uppercut_1m_left.mp4,uppercut,left,1,925,953,29
s03_cross_1m_left_c001,subject03,c89c565c-cross_1m_left.mp4,cross,left,1,117,138,22
s03_cross_1m_left_c002,subject03,c89c565c-cross_1m_left.mp4,cross,left,1,164,183,20
s03_cross_1m_left_c003,subject03,c89c565c-cross_1m_left.mp4,cross,left,1,212,231,20
s03_cross_1m_left_c004,subject03,c89c565c-cross_1m_left.mp4,cross,left,1,264,283,20
s03_cross_1m_left_c005,subject03,c89c565c-cross_1m_left.mp4,cross,left,1,312,333,22
s03_cross_1m_left_c006,subject03,c89c565c-cross_1m_left.mp4,cross,left,1,363,384,22
s03_cross_1m_left_c007,subject03,c89c565c-cross_1m_left.mp4,cross,left,1,414,433,20
s03_cross_1m_left_c008,subject03,c89c565c-cross_1m_left.mp4,cross,left,1,463,485,23
s03_cross_1m_left_c009,subject03,c89c565c-cross_1m_left.mp4,cross,left,1,513,532,20
s03_cross_1m_left_c010,subject03,c89c565c-cross_1m_left.mp4,cross,left,1,559,582,24
s03_cross_1m_left_c011,subject03,c89c565c-cross_1m_left.mp4,cross,left,1,607,631,25
s03_cross_1m_left_c012,subject03,c89c565c-cross_1m_left.mp4,cross,left,1,661,681,21
s03_cross_1m_left_c013,subject03,c89c565c-cross_1m_left.mp4,cross,left,1,712,731,20
s03_cross_1m_left_c014,subject03,c89c565c-cross_1m_left.mp4,cross,left,1,758,780,23
s03_cross_1m_left_c015,subject03,c89c565c-cross_1m_left.mp4,cross,left,1,811,830,20
s03_cross_1m_left_c016,subject03,c89c565c-cross_1m_left.mp4,cross,left,1,866,887,22
s03_cross_2m_right_c001,subject03,d156d3fb-cross_2m_right.mp4,cross,right,2,89,116,28
s03_cross_2m_right_c002,subject03,d156d3fb-cross_2m_right.mp4,cross,right,2,137,159,23
s03_cross_2m_right_c003,subject03,d156d3fb-cross_2m_right.mp4,cross,right,2,180,205,26
s03_cross_2m_right_c004,subject03,d156d3fb-cross_2m_right.mp4,cross,right,2,230,252,23
s03_cross_2m_right_c005,subject03,d156d3fb-cross_2m_right.mp4,cross,right,2,282,303,22
s03_cross_2m_right_c006,subject03,d156d3fb-cross_2m_right.mp4,cross,right,2,330,351,22
s03_cross_2m_right_c007,subject03,d156d3fb-cross_2m_right.mp4,cross,right,2,377,399,23
s03_cross_2m_right_c008,subject03,d156d3fb-cross_2m_right.mp4,cross,right,2,429,450,22
s03_cross_2m_right_c009,subject03,d156d3fb-cross_2m_right.mp4,cross,right,2,480,500,21
s03_cross_2m_right_c010,subject03,d156d3fb-cross_2m_right.mp4,cross,right,2,530,550,21
s03_cross_2m_right_c011,subject03,d156d3fb-cross_2m_right.mp4,cross,right,2,580,601,22
s03_cross_2m_right_c012,subject03,d156d3fb-cross_2m_right.mp4,cross,right,2,647,666,20
s03_cross_2m_right_c013,subject03,d156d3fb-cross_2m_right.mp4,cross,right,2,695,718,24
s03_cross_2m_right_c014,subject03,d156d3fb-cross_2m_right.mp4,cross,right,2,753,773,21
s03_cross_2m_right_c015,subject03,d156d3fb-cross_2m_right.mp4,cross,right,2,807,827,21
s03_hook_1m_left_c001,subject03,d99fd463-hook_1m_left.mp4,hook,left,1,166,196,31
s03_hook_1m_left_c002,subject03,d99fd463-hook_1m_left.mp4,hook,left,1,222,250,29
s03_hook_1m_left_c003,subject03,d99fd463-hook_1m_left.mp4,hook,left,1,275,304,30
s03_hook_1m_left_c004,subject03,d99fd463-hook_1m_left.mp4,hook,left,1,328,357,30
s03_hook_1m_left_c005,subject03,d99fd463-hook_1m_left.mp4,hook,left,1,384,413,30
s03_hook_1m_left_c006,subject03,d99fd463-hook_1m_left.mp4,hook,left,1,432,463,32
s03_hook_1m_left_c007,subject03,d99fd463-hook_1m_left.mp4,hook,left,1,487,518,32
s03_hook_1m_left_c008,subject03,d99fd463-hook_1m_left.mp4,hook,left,1,543,572,30
s03_hook_1m_left_c009,subject03,d99fd463-hook_1m_left.mp4,hook,left,1,596,625,30
s03_hook_1m_left_c010,subject03,d99fd463-hook_1m_left.mp4,hook,left,1,652,682,31
s03_hook_1m_left_c011,subject03,d99fd463-hook_1m_left.mp4,hook,left,1,709,737,29
s03_hook_1m_left_c012,subject03,d99fd463-hook_1m_left.mp4,hook,left,1,761,790,30
s03_hook_1m_left_c013,subject03,d99fd463-hook_1m_left.mp4,hook,left,1,816,846,31
s03_hook_1m_left_c014,subject03,d99fd463-hook_1m_left.mp4,hook,left,1,872,901,30
s03_hook_1m_left_c015,subject03,d99fd463-hook_1m_left.mp4,hook,left,1,926,955,30
s03_hook_1m_left_c016,subject03,d99fd463-hook_1m_left.mp4,hook,left,1,981,1012,32
s03_cross_1m_right_c001,subject03,e3b944b5-cross_1m_right.mp4,cross,right,1,74,95,22
s03_cross_1m_right_c002,subject03,e3b944b5-cross_1m_right.mp4,cross,right,1,121,140,20
s03_cross_1m_right_c003,subject03,e3b944b5-cross_1m_right.mp4,cross,right,1,169,188,20
s03_cross_1m_right_c004,subject03,e3b944b5-cross_1m_right.mp4,cross,right,1,213,232,20
s03_cross_1m_right_c005,subject03,e3b944b5-cross_1m_right.mp4,cross,right,1,261,280,20
s03_cross_1m_right_c006,subject03,e3b944b5-cross_1m_right.mp4,cross,right,1,309,328,20
s03_cross_1m_right_c007,subject03,e3b944b5-cross_1m_right.mp4,cross,right,1,349,368,20
s03_cross_1m_right_c008,subject03,e3b944b5-cross_1m_right.mp4,cross,right,1,394,413,20
s03_cross_1m_right_c009,subject03,e3b944b5-cross_1m_right.mp4,cross,right,1,441,461,21
s03_cross_1m_right_c010,subject03,e3b944b5-cross_1m_right.mp4,cross,right,1,492,513,22
s03_cross_1m_right_c011,subject03,e3b944b5-cross_1m_right.mp4,cross,right,1,540,559,20
s03_cross_1m_right_c012,subject03,e3b944b5-cross_1m_right.mp4,cross,right,1,586,605,20
s03_cross_1m_right_c013,subject03,e3b944b5-cross_1m_right.mp4,cross,right,1,633,653,21
s03_cross_1m_right_c014,subject03,e3b944b5-cross_1m_right.mp4,cross,right,1,681,701,21
s03_cross_1m_right_c015,subject03,e3b944b5-cross_1m_right.mp4,cross,right,1,727,748,22
s03_hook_1m_right_c001,subject03,f1e369a0-hook_1m_right.mp4,hook,right,1,100,129,30
s03_hook_1m_right_c002,subject03,f1e369a0-hook_1m_right.mp4,hook,right,1,166,191,26
s03_hook_1m_right_c003,subject03,f1e369a0-hook_1m_right.mp4,hook,right,1,231,257,27
s03_hook_1m_right_c004,subject03,f1e369a0-hook_1m_right.mp4,hook,right,1,295,324,30
s03_hook_1m_right_c005,subject03,f1e369a0-hook_1m_right.mp4,hook,right,1,362,391,30
s03_hook_1m_right_c006,subject03,f1e369a0-hook_1m_right.mp4,hook,right,1,425,453,29
s03_hook_1m_right_c007,subject03,f1e369a0-hook_1m_right.mp4,hook,right,1,485,512,28
s03_hook_1m_right_c008,subject03,f1e369a0-hook_1m_right.mp4,hook,right,1,546,574,29
s03_hook_1m_right_c009,subject03,f1e369a0-hook_1m_right.mp4,hook,right,1,605,634,30
s03_hook_1m_right_c010,subject03,f1e369a0-hook_1m_right.mp4,hook,right,1,669,699,31
s03_hook_1m_right_c011,subject03,f1e369a0-hook_1m_right.mp4,hook,right,1,732,760,29
s03_hook_1m_right_c012,subject03,f1e369a0-hook_1m_right.mp4,hook,right,1,796,826,31
s03_hook_1m_right_c013,subject03,f1e369a0-hook_1m_right.mp4,hook,right,1,861,890,30
s03_hook_1m_right_c014,subject03,f1e369a0-hook_1m_right.mp4,hook,right,1,921,950,30
s03_hook_1m_right_c015,subject03,f1e369a0-hook_1m_right.mp4,hook,right,1,980,1011,32
s03_hook_1m_right_c016,subject03,f1e369a0-hook_1m_right.mp4,hook,right,1,1042,1073,32
s03_jab_1m_right_c001,subject03,f5ed289d-jab_1m_right.mp4,jab,right,1,130,148,19
s03_jab_1m_right_c002,subject03,f5ed289d-jab_1m_right.mp4,jab,right,1,172,190,19
s03_jab_1m_right_c003,subject03,f5ed289d-jab_1m_right.mp4,jab,right,1,214,233,20
s03_jab_1m_right_c004,subject03,f5ed289d-jab_1m_right.mp4,jab,right,1,258,275,18
s03_jab_1m_right_c005,subject03,f5ed289d-jab_1m_right.mp4,jab,right,1,295,312,18
s03_jab_1m_right_c006,subject03,f5ed289d-jab_1m_right.mp4,jab,right,1,333,352,20
s03_jab_1m_right_c007,subject03,f5ed289d-jab_1m_right.mp4,jab,right,1,381,398,18
s03_jab_1m_right_c008,subject03,f5ed289d-jab_1m_right.mp4,jab,right,1,422,439,18
s03_jab_1m_right_c009,subject03,f5ed289d-jab_1m_right.mp4,jab,right,1,462,479,18
s03_jab_1m_right_c010,subject03,f5ed289d-jab_1m_right.mp4,jab,right,1,504,523,20
s03_jab_1m_right_c011,subject03,f5ed289d-jab_1m_right.mp4,jab,right,1,553,571,19
s03_jab_1m_right_c012,subject03,f5ed289d-jab_1m_right.mp4,jab,right,1,596,613,18
s03_jab_1m_right_c013,subject03,f5ed289d-jab_1m_right.mp4,jab,right,1,638,657,20
s03_jab_1m_right_c014,subject03,f5ed289d-jab_1m_right.mp4,jab,right,1,680,698,19
s03_jab_1m_right_c015,subject03,f5ed289d-jab_1m_right.mp4,jab,right,1,724,742,19
s03_cross_2m_left_c001,subject03,f632aa1f-cross_2m_left.mp4,cross,left,2,91,115,25
s03_cross_2m_left_c002,subject03,f632aa1f-cross_2m_left.mp4,cross,left,2,135,158,24
s03_cross_2m_left_c003,subject03,f632aa1f-cross_2m_left.mp4,cross,left,2,190,209,20
s03_cross_2m_left_c004,subject03,f632aa1f-cross_2m_left.mp4,cross,left,2,237,257,21
s03_cross_2m_left_c005,subject03,f632aa1f-cross_2m_left.mp4,cross,left,2,286,304,19
s03_cross_2m_left_c006,subject03,f632aa1f-cross_2m_left.mp4,cross,left,2,332,351,20
s03_cross_2m_left_c007,subject03,f632aa1f-cross_2m_left.mp4,cross,left,2,379,399,21
s03_cross_2m_left_c008,subject03,f632aa1f-cross_2m_left.mp4,cross,left,2,428,447,20
s03_cross_2m_left_c009,subject03,f632aa1f-cross_2m_left.mp4,cross,left,2,475,494,20
s03_cross_2m_left_c010,subject03,f632aa1f-cross_2m_left.mp4,cross,left,2,521,542,22
s03_cross_2m_left_c011,subject03,f632aa1f-cross_2m_left.mp4,cross,left,2,572,591,20
s03_cross_2m_left_c012,subject03,f632aa1f-cross_2m_left.mp4,cross,left,2,619,638,20
s03_cross_2m_left_c013,subject03,f632aa1f-cross_2m_left.mp4,cross,left,2,665,684,20
s03_cross_2m_left_c014,subject03,f632aa1f-cross_2m_left.mp4,cross,left,2,713,732,20
s03_cross_2m_left_c015,subject03,f632aa1f-cross_2m_left.mp4,cross,left,2,757,777,21
s04_cross_2m_right_c001,subject04,00c51e6c-cross_2m_right.mp4,cross,right,2,341,369,29
s04_cross_2m_right_c002,subject04,00c51e6c-cross_2m_right.mp4,cross,right,2,407,436,30
s04_cross_2m_right_c003,subject04,00c51e6c-cross_2m_right.mp4,cross,right,2,481,508,28
s04_cross_2m_right_c004,subject04,00c51e6c-cross_2m_right.mp4,cross,right,2,551,578,28
s04_cross_2m_right_c005,subject04,00c51e6c-cross_2m_right.mp4,cross,right,2,613,641,29
s04_cross_2m_right_c006,subject04,00c51e6c-cross_2m_right.mp4,cross,right,2,678,708,31
s04_cross_2m_right_c007,subject04,00c51e6c-cross_2m_right.mp4,cross,right,2,745,773,29
s04_cross_2m_right_c008,subject04,00c51e6c-cross_2m_right.mp4,cross,right,2,811,841,31
s04_cross_2m_right_c009,subject04,00c51e6c-cross_2m_right.mp4,cross,right,2,882,910,29
s04_cross_2m_right_c010,subject04,00c51e6c-cross_2m_right.mp4,cross,right,2,951,979,29
s04_cross_2m_right_c011,subject04,00c51e6c-cross_2m_right.mp4,cross,right,2,1018,1048,31
s04_cross_2m_right_c012,subject04,00c51e6c-cross_2m_right.mp4,cross,right,2,1093,1119,27
s04_cross_2m_right_c013,subject04,00c51e6c-cross_2m_right.mp4,cross,right,2,1162,1188,27
s04_cross_2m_right_c014,subject04,00c51e6c-cross_2m_right.mp4,cross,right,2,1229,1257,29
s04_cross_2m_right_c015,subject04,00c51e6c-cross_2m_right.mp4,cross,right,2,1303,1331,29
s04_hook_1m_left_c001,subject04,06abf0a7-hook_1m_left.mp4,hook,left,1,268,297,30
s04_hook_1m_left_c002,subject04,06abf0a7-hook_1m_left.mp4,hook,left,1,352,380,29
s04_hook_1m_left_c003,subject04,06abf0a7-hook_1m_left.mp4,hook,left,1,428,455,28
s04_hook_1m_left_c004,subject04,06abf0a7-hook_1m_left.mp4,hook,left,1,500,529,30
s04_hook_1m_left_c005,subject04,06abf0a7-hook_1m_left.mp4,hook,left,1,574,604,31
s04_hook_1m_left_c006,subject04,06abf0a7-hook_1m_left.mp4,hook,left,1,638,667,30
s04_hook_1m_left_c007,subject04,06abf0a7-hook_1m_left.mp4,hook,left,1,711,740,30
s04_hook_1m_left_c008,subject04,06abf0a7-hook_1m_left.mp4,hook,left,1,783,812,30
s04_hook_1m_left_c009,subject04,06abf0a7-hook_1m_left.mp4,hook,left,1,859,888,30
s04_hook_1m_left_c010,subject04,06abf0a7-hook_1m_left.mp4,hook,left,1,931,960,30
s04_hook_1m_left_c011,subject04,06abf0a7-hook_1m_left.mp4,hook,left,1,1000,1034,35
s04_hook_1m_left_c012,subject04,06abf0a7-hook_1m_left.mp4,hook,left,1,1079,1111,33
s04_hook_1m_left_c013,subject04,06abf0a7-hook_1m_left.mp4,hook,left,1,1148,1180,33
s04_hook_1m_left_c014,subject04,06abf0a7-hook_1m_left.mp4,hook,left,1,1224,1258,35
s04_hook_1m_left_c015,subject04,06abf0a7-hook_1m_left.mp4,hook,left,1,1297,1326,30
s04_hook_1m_left_c016,subject04,06abf0a7-hook_1m_left.mp4,hook,left,1,1369,1401,33
s04_uppercut_1m_left_c001,subject04,3ad13294-uppercut_1m_left.mp4,uppercut,left,1,123,152,30
s04_uppercut_1m_left_c002,subject04,3ad13294-uppercut_1m_left.mp4,uppercut,left,1,195,226,32
s04_uppercut_1m_left_c003,subject04,3ad13294-uppercut_1m_left.mp4,uppercut,left,1,268,299,32
s04_uppercut_1m_left_c004,subject04,3ad13294-uppercut_1m_left.mp4,uppercut,left,1,340,370,31
s04_uppercut_1m_left_c005,subject04,3ad13294-uppercut_1m_left.mp4,uppercut,left,1,411,443,33
s04_uppercut_1m_left_c006,subject04,3ad13294-uppercut_1m_left.mp4,uppercut,left,1,487,516,30
s04_uppercut_1m_left_c007,subject04,3ad13294-uppercut_1m_left.mp4,uppercut,left,1,549,582,34
s04_uppercut_1m_left_c008,subject04,3ad13294-uppercut_1m_left.mp4,uppercut,left,1,619,650,32
s04_uppercut_1m_left_c009,subject04,3ad13294-uppercut_1m_left.mp4,uppercut,left,1,688,717,30
s04_uppercut_1m_left_c010,subject04,3ad13294-uppercut_1m_left.mp4,uppercut,left,1,750,780,31
s04_uppercut_1m_left_c011,subject04,3ad13294-uppercut_1m_left.mp4,uppercut,left,1,816,847,32
s04_uppercut_1m_left_c012,subject04,3ad13294-uppercut_1m_left.mp4,uppercut,left,1,881,912,32
s04_uppercut_1m_left_c013,subject04,3ad13294-uppercut_1m_left.mp4,uppercut,left,1,939,971,33
s04_uppercut_1m_left_c014,subject04,3ad13294-uppercut_1m_left.mp4,uppercut,left,1,1002,1035,34
s04_uppercut_1m_left_c015,subject04,3ad13294-uppercut_1m_left.mp4,uppercut,left,1,1066,1096,31
s04_uppercut_1m_left_c016,subject04,3ad13294-uppercut_1m_left.mp4,uppercut,left,1,1124,1157,34
s04_uppercut_1m_right_c001,subject04,4447f729-uppercut_1m_right.mp4,uppercut,right,1,176,207,32
s04_uppercut_1m_right_c002,subject04,4447f729-uppercut_1m_right.mp4,uppercut,right,1,246,276,31
s04_uppercut_1m_right_c003,subject04,4447f729-uppercut_1m_right.mp4,uppercut,right,1,311,341,31
s04_uppercut_1m_right_c004,subject04,4447f729-uppercut_1m_right.mp4,uppercut,right,1,376,410,35
s04_uppercut_1m_right_c005,subject04,4447f729-uppercut_1m_right.mp4,uppercut,right,1,445,477,33
s04_uppercut_1m_right_c006,subject04,4447f729-uppercut_1m_right.mp4,uppercut,right,1,510,541,32
s04_uppercut_1m_right_c007,subject04,4447f729-uppercut_1m_right.mp4,uppercut,right,1,580,610,31
s04_uppercut_1m_right_c008,subject04,4447f729-uppercut_1m_right.mp4,uppercut,right,1,649,678,30
s04_uppercut_1m_right_c009,subject04,4447f729-uppercut_1m_right.mp4,uppercut,right,1,718,747,30
s04_uppercut_1m_right_c010,subject04,4447f729-uppercut_1m_right.mp4,uppercut,right,1,781,814,34
s04_uppercut_1m_right_c011,subject04,4447f729-uppercut_1m_right.mp4,uppercut,right,1,843,877,35
s04_uppercut_1m_right_c012,subject04,4447f729-uppercut_1m_right.mp4,uppercut,right,1,914,943,30
s04_uppercut_1m_right_c013,subject04,4447f729-uppercut_1m_right.mp4,uppercut,right,1,981,1013,33
s04_uppercut_1m_right_c014,subject04,4447f729-uppercut_1m_right.mp4,uppercut,right,1,1041,1071,31
s04_uppercut_1m_right_c015,subject04,4447f729-uppercut_1m_right.mp4,uppercut,right,1,1106,1138,33
s04_uppercut_1m_right_c016,subject04,4447f729-uppercut_1m_right.mp4,uppercut,right,1,1176,1207,32
s04_jab_1m_left_c001,subject04,80cf11f6-jab_1m_left.mp4,jab,left,1,168,202,35
s04_jab_1m_left_c002,subject04,80cf11f6-jab_1m_left.mp4,jab,left,1,237,264,28
s04_jab_1m_left_c003,subject04,80cf11f6-jab_1m_left.mp4,jab,left,1,305,332,28
s04_jab_1m_left_c004,subject04,80cf11f6-jab_1m_left.mp4,jab,left,1,369,396,28
s04_jab_1m_left_c005,subject04,80cf11f6-jab_1m_left.mp4,jab,left,1,432,458,27
s04_jab_1m_left_c006,subject04,80cf11f6-jab_1m_left.mp4,jab,left,1,494,521,28
s04_jab_1m_left_c007,subject04,80cf11f6-jab_1m_left.mp4,jab,left,1,559,586,28
s04_jab_1m_left_c008,subject04,80cf11f6-jab_1m_left.mp4,jab,left,1,624,651,28
s04_jab_1m_left_c009,subject04,80cf11f6-jab_1m_left.mp4,jab,left,1,698,725,28
s04_jab_1m_left_c010,subject04,80cf11f6-jab_1m_left.mp4,jab,left,1,765,791,27
s04_jab_1m_left_c011,subject04,80cf11f6-jab_1m_left.mp4,jab,left,1,826,855,30
s04_jab_1m_left_c012,subject04,80cf11f6-jab_1m_left.mp4,jab,left,1,897,922,26
s04_jab_1m_left_c013,subject04,80cf11f6-jab_1m_left.mp4,jab,left,1,967,992,26
s04_jab_1m_left_c014,subject04,80cf11f6-jab_1m_left.mp4,jab,left,1,1037,1063,27
s04_jab_1m_left_c015,subject04,80cf11f6-jab_1m_left.mp4,jab,left,1,1106,1132,27
s04_jab_1m_left_c016,subject04,80cf11f6-jab_1m_left.mp4,jab,left,1,1172,1195,24
s04_jab_2m_right_c001,subject04,8d2509e6-jab_2m_right.mp4,jab,right,2,171,197,27
s04_jab_2m_right_c002,subject04,8d2509e6-jab_2m_right.mp4,jab,right,2,222,251,30
s04_jab_2m_right_c003,subject04,8d2509e6-jab_2m_right.mp4,jab,right,2,284,314,31
s04_jab_2m_right_c004,subject04,8d2509e6-jab_2m_right.mp4,jab,right,2,348,377,30
s04_jab_2m_right_c005,subject04,8d2509e6-jab_2m_right.mp4,jab,right,2,404,433,30
s04_jab_2m_right_c006,subject04,8d2509e6-jab_2m_right.mp4,jab,right,2,458,487,30
s04_jab_2m_right_c007,subject04,8d2509e6-jab_2m_right.mp4,jab,right,2,515,544,30
s04_jab_2m_right_c008,subject04,8d2509e6-jab_2m_right.mp4,jab,right,2,571,600,30
s04_jab_2m_right_c009,subject04,8d2509e6-jab_2m_right.mp4,jab,right,2,628,657,30
s04_jab_2m_right_c010,subject04,8d2509e6-jab_2m_right.mp4,jab,right,2,692,721,30
s04_jab_2m_right_c011,subject04,8d2509e6-jab_2m_right.mp4,jab,right,2,754,786,33
s04_jab_2m_right_c012,subject04,8d2509e6-jab_2m_right.mp4,jab,right,2,824,855,32
s04_jab_2m_right_c013,subject04,8d2509e6-jab_2m_right.mp4,jab,right,2,894,923,30
s04_jab_2m_right_c014,subject04,8d2509e6-jab_2m_right.mp4,jab,right,2,959,989,31
s04_jab_2m_right_c015,subject04,8d2509e6-jab_2m_right.mp4,jab,right,2,1022,1052,31
s04_jab_2m_right_c016,subject04,8d2509e6-jab_2m_right.mp4,jab,right,2,1089,1116,28
s04_jab_1m_right_c001,subject04,aa878b1f-jab_1m_right.mp4,jab,right,1,178,205,28
s04_jab_1m_right_c002,subject04,aa878b1f-jab_1m_right.mp4,jab,right,1,234,262,29
s04_jab_1m_right_c003,subject04,aa878b1f-jab_1m_right.mp4,jab,right,1,291,320,30
s04_jab_1m_right_c004,subject04,aa878b1f-jab_1m_right.mp4,jab,right,1,346,375,30
s04_jab_1m_right_c005,subject04,aa878b1f-jab_1m_right.mp4,jab,right,1,399,428,30
s04_jab_1m_right_c006,subject04,aa878b1f-jab_1m_right.mp4,jab,right,1,461,490,30
s04_jab_1m_right_c007,subject04,aa878b1f-jab_1m_right.mp4,jab,right,1,518,546,29
s04_jab_1m_right_c008,subject04,aa878b1f-jab_1m_right.mp4,jab,right,1,575,602,28
s04_jab_1m_right_c009,subject04,aa878b1f-jab_1m_right.mp4,jab,right,1,632,661,30
s04_jab_1m_right_c010,subject04,aa878b1f-jab_1m_right.mp4,jab,right,1,688,715,28
s04_jab_1m_right_c011,subject04,aa878b1f-jab_1m_right.mp4,jab,right,1,744,774,31
s04_jab_1m_right_c012,subject04,aa878b1f-jab_1m_right.mp4,jab,right,1,800,826,27
s04_jab_1m_right_c013,subject04,aa878b1f-jab_1m_right.mp4,jab,right,1,859,886,28
s04_jab_1m_right_c014,subject04,aa878b1f-jab_1m_right.mp4,jab,right,1,913,941,29
s04_jab_1m_right_c015,subject04,aa878b1f-jab_1m_right.mp4,jab,right,1,968,996,29
s04_jab_1m_right_c016,subject04,aa878b1f-jab_1m_right.mp4,jab,right,1,1027,1056,30
s04_cross_2m_left_c001,subject04,bb30abff-cross_2m_left.mp4,cross,left,2,216,238,23
s04_cross_2m_left_c002,subject04,bb30abff-cross_2m_left.mp4,cross,left,2,287,309,23
s04_cross_2m_left_c003,subject04,bb30abff-cross_2m_left.mp4,cross,left,2,337,362,26
s04_cross_2m_left_c004,subject04,bb30abff-cross_2m_left.mp4,cross,left,2,397,423,27
s04_cross_2m_left_c005,subject04,bb30abff-cross_2m_left.mp4,cross,left,2,460,484,25
s04_cross_2m_left_c006,subject04,bb30abff-cross_2m_left.mp4,cross,left,2,520,547,28
s04_cross_2m_left_c007,subject04,bb30abff-cross_2m_left.mp4,cross,left,2,580,608,29
s04_cross_2m_left_c008,subject04,bb30abff-cross_2m_left.mp4,cross,left,2,640,669,30
s04_cross_2m_left_c009,subject04,bb30abff-cross_2m_left.mp4,cross,left,2,709,737,29
s04_cross_2m_left_c010,subject04,bb30abff-cross_2m_left.mp4,cross,left,2,763,791,29
s04_cross_2m_left_c011,subject04,bb30abff-cross_2m_left.mp4,cross,left,2,825,854,30
s04_cross_2m_left_c012,subject04,bb30abff-cross_2m_left.mp4,cross,left,2,889,917,29
s04_cross_2m_left_c013,subject04,bb30abff-cross_2m_left.mp4,cross,left,2,950,977,28
s04_cross_2m_left_c014,subject04,bb30abff-cross_2m_left.mp4,cross,left,2,1011,1038,28
s04_cross_2m_left_c015,subject04,bb30abff-cross_2m_left.mp4,cross,left,2,1071,1100,30
s04_cross_2m_left_c016,subject04,bb30abff-cross_2m_left.mp4,cross,left,2,1137,1163,27
s04_hook_1m_right_c001,subject04,bd91ebe1-hook_1m_right.mp4,hook,right,1,139,168,30
s04_hook_1m_right_c002,subject04,bd91ebe1-hook_1m_right.mp4,hook,right,1,206,235,30
s04_hook_1m_right_c003,subject04,bd91ebe1-hook_1m_right.mp4,hook,right,1,289,319,31
s04_hook_1m_right_c004,subject04,bd91ebe1-hook_1m_right.mp4,hook,right,1,359,390,32
s04_hook_1m_right_c005,subject04,bd91ebe1-hook_1m_right.mp4,hook,right,1,431,463,33
s04_hook_1m_right_c006,subject04,bd91ebe1-hook_1m_right.mp4,hook,right,1,509,538,30
s04_hook_1m_right_c007,subject04,bd91ebe1-hook_1m_right.mp4,hook,right,1,587,620,34
s04_hook_1m_right_c008,subject04,bd91ebe1-hook_1m_right.mp4,hook,right,1,658,687,30
s04_hook_1m_right_c009,subject04,bd91ebe1-hook_1m_right.mp4,hook,right,1,725,756,32
s04_hook_1m_right_c010,subject04,bd91ebe1-hook_1m_right.mp4,hook,right,1,800,833,34
s04_hook_1m_right_c011,subject04,bd91ebe1-hook_1m_right.mp4,hook,right,1,874,903,30
s04_hook_1m_right_c012,subject04,bd91ebe1-hook_1m_right.mp4,hook,right,1,951,982,32
s04_hook_1m_right_c013,subject04,bd91ebe1-hook_1m_right.mp4,hook,right,1,1025,1057,33
s04_hook_1m_right_c014,subject04,bd91ebe1-hook_1m_right.mp4,hook,right,1,1103,1135,33
s04_hook_1m_right_c015,subject04,bd91ebe1-hook_1m_right.mp4,hook,right,1,1177,1205,29
s04_hook_1m_right_c016,subject04,bd91ebe1-hook_1m_right.mp4,hook,right,1,1265,1294,30
s04_cross_1m_left_c001,subject04,c5f39034-cross_1m_left.mp4,cross,left,1,164,193,30
s04_cross_1m_left_c002,subject04,c5f39034-cross_1m_left.mp4,cross,left,1,225,254,30
s04_cross_1m_left_c003,subject04,c5f39034-cross_1m_left.mp4,cross,left,1,286,308,23
s04_cross_1m_left_c004,subject04,c5f39034-cross_1m_left.mp4,cross,left,1,344,365,22
s04_cross_1m_left_c005,subject04,c5f39034-cross_1m_left.mp4,cross,left,1,403,429,27
s04_cross_1m_left_c006,subject04,c5f39034-cross_1m_left.mp4,cross,left,1,462,487,26
s04_cross_1m_left_c007,subject04,c5f39034-cross_1m_left.mp4,cross,left,1,523,549,27
s04_cross_1m_left_c008,subject04,c5f39034-cross_1m_left.mp4,cross,left,1,578,606,29
s04_cross_1m_left_c009,subject04,c5f39034-cross_1m_left.mp4,cross,left,1,634,659,26
s04_cross_1m_left_c010,subject04,c5f39034-cross_1m_left.mp4,cross,left,1,688,715,28
s04_cross_1m_left_c011,subject04,c5f39034-cross_1m_left.mp4,cross,left,1,743,769,27
s04_cross_1m_left_c012,subject04,c5f39034-cross_1m_left.mp4,cross,left,1,801,828,28
s04_cross_1m_left_c013,subject04,c5f39034-cross_1m_left.mp4,cross,left,1,861,887,27
s04_cross_1m_left_c014,subject04,c5f39034-cross_1m_left.mp4,cross,left,1,923,951,29
s04_cross_1m_left_c015,subject04,c5f39034-cross_1m_left.mp4,cross,left,1,986,1015,30
s04_cross_1m_left_c016,subject04,c5f39034-cross_1m_left.mp4,cross,left,1,1052,1081,30
s04_uppercut_2m_left_c001,subject04,dc1c5d76-uppercut_2m_left.mp4,uppercut,left,2,113,142,30
s04_uppercut_2m_left_c002,subject04,dc1c5d76-uppercut_2m_left.mp4,uppercut,left,2,175,208,34
s04_uppercut_2m_left_c003,subject04,dc1c5d76-uppercut_2m_left.mp4,uppercut,left,2,238,267,30
s04_uppercut_2m_left_c004,subject04,dc1c5d76-uppercut_2m_left.mp4,uppercut,left,2,302,333,32
s04_uppercut_2m_left_c005,subject04,dc1c5d76-uppercut_2m_left.mp4,uppercut,left,2,374,405,32
s04_uppercut_2m_left_c006,subject04,dc1c5d76-uppercut_2m_left.mp4,uppercut,left,2,436,467,32
s04_uppercut_2m_left_c007,subject04,dc1c5d76-uppercut_2m_left.mp4,uppercut,left,2,503,534,32
s04_uppercut_2m_left_c008,subject04,dc1c5d76-uppercut_2m_left.mp4,uppercut,left,2,571,603,33
s04_uppercut_2m_left_c009,subject04,dc1c5d76-uppercut_2m_left.mp4,uppercut,left,2,639,670,32
s04_uppercut_2m_left_c010,subject04,dc1c5d76-uppercut_2m_left.mp4,uppercut,left,2,705,738,34
s04_uppercut_2m_left_c011,subject04,dc1c5d76-uppercut_2m_left.mp4,uppercut,left,2,778,808,31
s04_uppercut_2m_left_c012,subject04,dc1c5d76-uppercut_2m_left.mp4,uppercut,left,2,849,879,31
s04_uppercut_2m_left_c013,subject04,dc1c5d76-uppercut_2m_left.mp4,uppercut,left,2,915,950,36
s04_uppercut_2m_left_c014,subject04,dc1c5d76-uppercut_2m_left.mp4,uppercut,left,2,996,1027,32
s04_uppercut_2m_left_c015,subject04,dc1c5d76-uppercut_2m_left.mp4,uppercut,left,2,1064,1094,31
s04_uppercut_2m_left_c016,subject04,dc1c5d76-uppercut_2m_left.mp4,uppercut,left,2,1130,1164,35
s04_uppercut_2m_right_c001,subject04,f62b8165-uppercut_2m_right.mp4,uppercut,right,2,169,203,35
s04_uppercut_2m_right_c002,subject04,f62b8165-uppercut_2m_right.mp4,uppercut,right,2,237,268,32
s04_uppercut_2m_right_c003,subject04,f62b8165-uppercut_2m_right.mp4,uppercut,right,2,301,334,34
s04_uppercut_2m_right_c004,subject04,f62b8165-uppercut_2m_right.mp4,uppercut,right,2,373,405,33
s04_uppercut_2m_right_c005,subject04,f62b8165-uppercut_2m_right.mp4,uppercut,right,2,447,479,33
s04_uppercut_2m_right_c006,subject04,f62b8165-uppercut_2m_right.mp4,uppercut,right,2,525,558,34
s04_uppercut_2m_right_c007,subject04,f62b8165-uppercut_2m_right.mp4,uppercut,right,2,599,630,32
s04_uppercut_2m_right_c008,subject04,f62b8165-uppercut_2m_right.mp4,uppercut,right,2,671,703,33
s04_uppercut_2m_right_c009,subject04,f62b8165-uppercut_2m_right.mp4,uppercut,right,2,747,780,34
s04_uppercut_2m_right_c010,subject04,f62b8165-uppercut_2m_right.mp4,uppercut,right,2,824,855,32
s04_uppercut_2m_right_c011,subject04,f62b8165-uppercut_2m_right.mp4,uppercut,right,2,896,926,31
s04_uppercut_2m_right_c012,subject04,f62b8165-uppercut_2m_right.mp4,uppercut,right,2,967,997,31
s04_uppercut_2m_right_c013,subject04,f62b8165-uppercut_2m_right.mp4,uppercut,right,2,1039,1070,32
s04_uppercut_2m_right_c014,subject04,f62b8165-uppercut_2m_right.mp4,uppercut,right,2,1111,1145,35
s04_uppercut_2m_right_c015,subject04,f62b8165-uppercut_2m_right.mp4,uppercut,right,2,1194,1227,34
s04_uppercut_2m_right_c016,subject04,f62b8165-uppercut_2m_right.mp4,uppercut,right,2,1282,1311,30
s04_jab_2m_left_c001,subject04,f82227e3-jab_2m_left.mp4,jab,left,2,138,168,31
s04_jab_2m_left_c002,subject04,f82227e3-jab_2m_left.mp4,jab,left,2,196,223,28
s04_jab_2m_left_c003,subject04,f82227e3-jab_2m_left.mp4,jab,left,2,254,282,29
s04_jab_2m_left_c004,subject04,f82227e3-jab_2m_left.mp4,jab,left,2,315,343,29
s04_jab_2m_left_c005,subject04,f82227e3-jab_2m_left.mp4,jab,left,2,377,406,30
s04_jab_2m_left_c006,subject04,f82227e3-jab_2m_left.mp4,jab,left,2,436,462,27
s04_jab_2m_left_c007,subject04,f82227e3-jab_2m_left.mp4,jab,left,2,497,524,28
s04_jab_2m_left_c008,subject04,f82227e3-jab_2m_left.mp4,jab,left,2,556,582,27
s04_jab_2m_left_c009,subject04,f82227e3-jab_2m_left.mp4,jab,left,2,620,647,28
s04_jab_2m_left_c010,subject04,f82227e3-jab_2m_left.mp4,jab,left,2,683,711,29
s04_jab_2m_left_c011,subject04,f82227e3-jab_2m_left.mp4,jab,left,2,745,772,28
s04_jab_2m_left_c012,subject04,f82227e3-jab_2m_left.mp4,jab,left,2,809,837,29
s04_jab_2m_left_c013,subject04,f82227e3-jab_2m_left.mp4,jab,left,2,871,899,29
s04_jab_2m_left_c014,subject04,f82227e3-jab_2m_left.mp4,jab,left,2,934,962,29
s04_jab_2m_left_c015,subject04,f82227e3-jab_2m_left.mp4,jab,left,2,998,1026,29
s04_jab_2m_left_c016,subject04,f82227e3-jab_2m_left.mp4,jab,left,2,1063,1092,30
s04_hook_2m_right_c001,subject04,f8e45edd-hook_2m_right.mp4,hook,right,2,148,181,34
s04_hook_2m_right_c002,subject04,f8e45edd-hook_2m_right.mp4,hook,right,2,216,248,33
s04_hook_2m_right_c003,subject04,f8e45edd-hook_2m_right.mp4,hook,right,2,281,310,30
s04_hook_2m_right_c004,subject04,f8e45edd-hook_2m_right.mp4,hook,right,2,348,380,33
s04_hook_2m_right_c005,subject04,f8e45edd-hook_2m_right.mp4,hook,right,2,412,442,31
s04_hook_2m_right_c006,subject04,f8e45edd-hook_2m_right.mp4,hook,right,2,478,508,31
s04_hook_2m_right_c007,subject04,f8e45edd-hook_2m_right.mp4,hook,right,2,541,571,31
s04_hook_2m_right_c008,subject04,f8e45edd-hook_2m_right.mp4,hook,right,2,603,636,34
s04_hook_2m_right_c009,subject04,f8e45edd-hook_2m_right.mp4,hook,right,2,668,695,28
s04_hook_2m_right_c010,subject04,f8e45edd-hook_2m_right.mp4,hook,right,2,728,761,34
s04_hook_2m_right_c011,subject04,f8e45edd-hook_2m_right.mp4,hook,right,2,795,827,33
s04_hook_2m_right_c012,subject04,f8e45edd-hook_2m_right.mp4,hook,right,2,861,890,30
s04_hook_2m_right_c013,subject04,f8e45edd-hook_2m_right.mp4,hook,right,2,926,954,29
s04_hook_2m_right_c014,subject04,f8e45edd-hook_2m_right.mp4,hook,right,2,988,1018,31
s04_hook_2m_right_c015,subject04,f8e45edd-hook_2m_right.mp4,hook,right,2,1059,1089,31
s04_hook_2m_right_c016,subject04,f8e45edd-hook_2m_right.mp4,hook,right,2,1121,1153,33
s04_hook_2m_left_c001,subject04,f92e560f-hook_2m_left.mp4,hook,left,2,197,226,30
s04_hook_2m_left_c002,subject04,f92e560f-hook_2m_left.mp4,hook,left,2,270,299,30
s04_hook_2m_left_c003,subject04,f92e560f-hook_2m_left.mp4,hook,left,2,346,376,31
s04_hook_2m_left_c004,subject04,f92e560f-hook_2m_left.mp4,hook,left,2,415,447,33
s04_hook_2m_left_c005,subject04,f92e560f-hook_2m_left.mp4,hook,left,2,486,515,30
s04_hook_2m_left_c006,subject04,f92e560f-hook_2m_left.mp4,hook,left,2,559,591,33
s04_hook_2m_left_c007,subject04,f92e560f-hook_2m_left.mp4,hook,left,2,633,662,30
s04_hook_2m_left_c008,subject04,f92e560f-hook_2m_left.mp4,hook,left,2,699,732,34
s04_hook_2m_left_c009,subject04,f92e560f-hook_2m_left.mp4,hook,left,2,767,797,31
s04_hook_2m_left_c010,subject04,f92e560f-hook_2m_left.mp4,hook,left,2,838,871,34
s04_hook_2m_left_c011,subject04,f92e560f-hook_2m_left.mp4,hook,left,2,918,948,31
s04_hook_2m_left_c012,subject04,f92e560f-hook_2m_left.mp4,hook,left,2,983,1012,30
s04_hook_2m_left_c013,subject04,f92e560f-hook_2m_left.mp4,hook,left,2,1043,1074,32
s04_hook_2m_left_c014,subject04,f92e560f-hook_2m_left.mp4,hook,left,2,1112,1142,31
s04_hook_2m_left_c015,subject04,f92e560f-hook_2m_left.mp4,hook,left,2,1195,1224,30
s04_hook_2m_left_c016,subject04,f92e560f-hook_2m_left.mp4,hook,left,2,1265,1294,30
s04_cross_1m_right_c001,subject04,fde709ca-cross_1m_right.mp4,cross,right,1,190,218,29
s04_cross_1m_right_c002,subject04,fde709ca-cross_1m_right.mp4,cross,right,1,255,283,29
s04_cross_1m_right_c003,subject04,fde709ca-cross_1m_right.mp4,cross,right,1,318,346,29
s04_cross_1m_right_c004,subject04,fde709ca-cross_1m_right.mp4,cross,right,1,380,407,28
s04_cross_1m_right_c005,subject04,fde709ca-cross_1m_right.mp4,cross,right,1,440,468,29
s04_cross_1m_right_c006,subject04,fde709ca-cross_1m_right.mp4,cross,right,1,504,531,28
s04_cross_1m_right_c007,subject04,fde709ca-cross_1m_right.mp4,cross,right,1,563,592,30
s04_cross_1m_right_c008,subject04,fde709ca-cross_1m_right.mp4,cross,right,1,623,652,30
s04_cross_1m_right_c009,subject04,fde709ca-cross_1m_right.mp4,cross,right,1,691,720,30
s04_cross_1m_right_c010,subject04,fde709ca-cross_1m_right.mp4,cross,right,1,756,784,29
s04_cross_1m_right_c011,subject04,fde709ca-cross_1m_right.mp4,cross,right,1,818,846,29
s04_cross_1m_right_c012,subject04,fde709ca-cross_1m_right.mp4,cross,right,1,886,917,32
s04_cross_1m_right_c013,subject04,fde709ca-cross_1m_right.mp4,cross,right,1,956,983,28
s04_cross_1m_right_c014,subject04,fde709ca-cross_1m_right.mp4,cross,right,1,1025,1056,32
s04_cross_1m_right_c015,subject04,fde709ca-cross_1m_right.mp4,cross,right,1,1097,1125,29
s04_cross_1m_right_c016,subject04,fde709ca-cross_1m_right.mp4,cross,right,1,1173,1201,29
